price,quantity,seller_inflow,buyer_outflow94.19,1.0,1.0,0.0
94.19,1.0,1.0,1.0
94.19,1.67,1.67,1.0
94.19,1.98,1.98,1.67
94.19,2.74,2.74,1.98
94.19,3.46,3.46,2.74
94.19,4.59,4.59,3.46
94.19,5.92,5.92,4.59
94.19,7.75,7.75,5.92
94.19,10.07,10.07,7.75
94.19,13.14,13.14,10.07
94.19,17.1,17.1,13.14
94.18999999999998,22.28,22.28,17.1
94.19,26.64,26.64,22.28
94.19,16.02,16.02,26.64
94.19,10.39,10.39,16.02
94.19,13.37,13.37,10.39
94.19,16.35,16.35,13.37
94.19,15.34,15.34,16.35
40.580000000000005,13.4,13.4,15.34
40.58,13.2,13.2,13.4
40.58,13.93,13.93,13.2
40.58,14.1,14.1,13.93
40.58,13.72,13.72,14.1
40.580000000000005,13.48,13.48,13.72
40.58,14.97,14.97,13.48
40.58,15.74,15.74,14.97
40.58,15.42,15.42,15.74
47.77,15.13,15.13,15.42
47.77,15.32,15.32,15.13
47.77,16.03,16.03,15.32
47.77,16.84,16.84,16.03
47.77,16.95,16.95,16.84
47.77,16.77,16.77,16.95
47.77,16.8,16.8,16.77
47.77,16.99,16.99,16.8
47.77,17.1,17.1,16.99
47.77,17.09,17.09,17.1
47.77,17.08,17.08,17.09
47.77,17.11,17.11,17.08
47.77,17.15,17.15,17.11
47.77,17.16,17.16,17.15
47.77,17.15,17.15,17.16
47.77,17.16,17.16,17.15
47.77,17.17,17.17,17.16
47.77,17.17,17.17,17.17
47.77,17.17,17.17,17.17
47.77,17.17,17.17,17.17
47.77,17.18,17.18,17.17
47.77,17.18,17.18,17.18
47.77,17.18,17.18,17.18
47.77,17.18,17.18,17.18
47.77,17.18,17.18,17.18
47.77,17.18,17.18,17.18
47.77,17.18,17.18,17.18
47.77,17.18,17.18,17.18
47.77,17.18,17.18,17.18
47.77,17.18,17.18,17.18
47.77,17.18,17.18,17.18
47.77,17.73,17.73,17.18
47.77,17.99,17.99,17.73
47.77,17.88,17.88,17.99
47.77,17.79,17.79,17.88
47.77,17.87,17.87,17.79
47.77,17.97,17.97,17.87
47.77,17.99,17.99,17.97
47.77,17.97,17.97,17.99
47.77,17.97,17.97,17.97
47.77,17.99,17.99,17.97
47.77,18.0,18.0,17.99
47.77,18.0,18.0,18.0
47.77,18.0,18.0,18.0
47.77,18.0,18.0,18.0
47.77,18.0,18.0,18.0
47.77,18.01,18.01,18.0
47.77,18.01,18.01,18.01
35.28,18.01,18.01,18.01
35.28,18.01,18.01,18.01
35.28,18.01,18.01,18.01
35.28,18.01,18.01,18.01
35.28,18.01,18.01,18.01
35.28,18.01,18.01,18.01
35.28,18.01,18.01,18.01
35.28,18.01,18.01,18.01
35.28,18.01,18.01,18.01
35.28,18.01,18.01,18.01
35.28,18.01,18.01,18.01
35.28,18.01,18.01,18.01
35.28,18.01,18.01,18.01
35.28,18.01,18.01,18.01
35.28,18.96,18.96,18.01
35.28,19.41,19.41,18.96
35.28,19.23,19.23,19.41
35.28,19.08,19.08,19.23
35.28,19.22,19.22,19.08
35.28,19.38,19.38,19.22
35.28,19.41,19.41,19.38
35.28,19.37,19.37,19.41
35.28,19.37,19.37,19.37
35.28,19.41,19.41,19.37
33.66,19.44,19.44,19.41
33.66,19.44,19.44,19.44
33.66,19.43,19.43,19.44
33.66,19.43,19.43,19.43
33.66,19.44,19.44,19.43
33.66,20.24,20.24,19.44
33.66,20.61,20.61,20.24
33.66,20.45,20.45,20.61
33.66,20.33,20.33,20.45
33.66,20.45,20.45,20.33
33.66,20.59,20.59,20.45
33.66,20.6,20.6,20.59
33.66,20.57,20.57,20.6
33.66,20.58,20.58,20.57
33.66,20.61,20.61,20.58
33.66,20.62,20.62,20.61
33.66,20.62,20.62,20.62
33.66,20.63,20.63,20.62
33.66,20.63,20.63,20.63
33.66,21.38,21.38,20.63
33.66,21.74,21.74,21.38
33.66,21.6,21.6,21.74
33.66,21.48,21.48,21.6
33.66,21.58,21.58,21.48
33.66,21.71,21.71,21.58
33.66,21.74,21.74,21.71
33.66,21.71,21.71,21.74
30.43,21.71,21.71,21.71
30.43,21.74,21.74,21.71
30.430000000000003,21.76,21.76,21.74
30.430000000000003,21.76,21.76,21.76
30.43,21.75,21.75,21.76
30.43,21.75,21.75,21.75
30.430000000000003,21.76,21.76,21.75
30.43,21.77,21.77,21.76
30.43,21.77,21.77,21.77
30.43,21.77,21.77,21.77
30.43,21.77,21.77,21.77
30.43,21.77,21.77,21.77
30.43,21.77,21.77,21.77
30.43,21.77,21.77,21.77
30.43,21.77,21.77,21.77
30.43,21.77,21.77,21.77
30.43,21.77,21.77,21.77
30.43,21.77,21.77,21.77
30.43,21.77,21.77,21.77
30.43,21.77,21.77,21.77
30.43,21.77,21.77,21.77
28.219999999999995,22.63,22.63,21.77
28.219999999999995,23.04,23.04,22.63
28.22,28.22,28.22,23.04
28.22,28.22,28.22,28.22
28.22,28.22,28.22,28.22
28.22,28.22,28.22,28.22
28.22,28.22,28.22,28.22
28.22,28.22,28.22,28.22
28.22,28.22,28.22,28.22
28.22,28.22,28.22,28.22
28.22,28.22,28.22,28.22
28.22,28.22,28.22,28.22
28.22,28.22,28.22,28.22
28.22,28.22,28.22,28.22
28.22,28.22,28.22,28.22
28.22,28.22,28.22,28.22
28.22,28.22,28.22,28.22
37.01,36.03,36.03,28.22
37.01,34.84,34.84,36.03
37.01,28.44,28.44,34.84
37.01,25.6,25.6,28.44
37.01,26.6,26.6,25.6
37.01,27.22,27.22,26.6
37.01,26.18,26.18,27.22
37.01,25.07,25.07,26.18
37.01,24.88,24.88,25.07
37.01,25.06,25.06,24.88
37.01,24.97,24.97,25.06
37.01,24.69,24.69,24.97
37.01,24.54,24.54,24.69
37.01,24.54,24.54,24.54
37.01,24.54,24.54,24.54
37.01,24.49,24.49,24.54
25.73,24.44,24.44,24.49
25.73,24.43,24.43,24.44
25.73,24.43,24.43,24.43
25.73,25.33,25.33,24.43
29.310000000000002,25.74,25.74,25.33
29.31,25.55,25.55,25.74
29.310000000000002,25.41,25.41,25.55
29.31,25.54,25.54,25.41
29.309999999999995,25.69,25.69,25.54
29.31,25.71,25.71,25.69
29.31,25.68,25.68,25.71
29.309999999999995,25.69,25.69,25.68
29.31,25.72,25.72,25.69
29.31,25.73,25.73,25.72
29.31,25.73,25.73,25.73
29.31,25.73,25.73,25.73
29.310000000000002,25.74,25.74,25.73
29.31,25.75,25.75,25.74
29.31,25.75,25.75,25.75
29.310000000000002,25.74,25.74,25.75
27.01,25.74,25.74,25.74
27.01,25.75,25.75,25.74
27.25,25.75,25.75,25.75
27.25,25.75,25.75,25.75
27.25,25.75,25.75,25.75
27.25,25.75,25.75,25.75
27.25,25.75,25.75,25.75
27.25,25.75,25.75,25.75
27.25,25.75,25.75,25.75
27.25,25.75,25.75,25.75
27.25,26.56,26.56,25.75
27.25,27.25,27.25,26.56
27.25,27.25,27.25,27.25
27.25,27.25,27.25,27.25
27.25,27.25,27.25,27.25
27.25,27.25,27.25,27.25
27.25,27.25,27.25,27.25
27.25,27.25,27.25,27.25
28.98,28.98,28.98,27.25
28.98,28.98,28.98,28.98
28.98,28.96,28.96,28.98
28.98,28.71,28.71,28.96
28.98,28.48,28.48,28.71
28.98,28.41,28.41,28.48
27.98,27.98,27.98,28.41
27.98,27.98,27.98,27.98
27.98,27.98,27.98,27.98
27.98,27.98,27.98,27.98
27.98,27.98,27.98,27.98
27.98,27.98,27.98,27.98
27.98,27.98,27.98,27.98
27.98,27.98,27.98,27.98
27.98,27.98,27.98,27.98
28.85,28.85,28.85,27.98
28.85,28.85,28.85,28.85
28.850000000000005,28.62,28.62,28.85
28.850000000000005,28.42,28.42,28.62
28.85,28.37,28.37,28.42
28.85,28.37,28.37,28.37
28.85,28.34,28.34,28.37
28.85,28.29,28.29,28.34
28.85,28.25,28.25,28.29
28.850000000000005,28.24,28.24,28.25
28.850000000000005,28.24,28.24,28.24
28.85,28.23,28.23,28.24
28.85,28.22,28.22,28.23
28.85,28.21,28.21,28.22
28.85,28.21,28.21,28.21
28.85,28.21,28.21,28.21
28.85,28.21,28.21,28.21
28.85,28.21,28.21,28.21
28.85,28.85,28.85,28.21
28.85,28.85,28.85,28.85
28.85,28.85,28.85,28.85
28.85,28.85,28.85,28.85
28.85,28.85,28.85,28.85
28.85,28.85,28.85,28.85
28.85,28.85,28.85,28.85
28.85,28.85,28.85,28.85
29.85,29.85,29.85,28.85
29.85,29.85,29.85,29.85
29.85,29.85,29.85,29.85
29.85,29.85,29.85,29.85
29.85,29.85,29.85,29.85
29.85,29.85,29.85,29.85
29.85,29.85,29.85,29.85
29.85,29.85,29.85,29.85
29.85,29.85,29.85,29.85
29.85,29.85,29.85,29.85
29.85,29.85,29.85,29.85
29.85,29.85,29.85,29.85
29.85,29.85,29.85,29.85
29.85,29.85,29.85,29.85
29.85,29.85,29.85,29.85
32.17,32.17,32.17,29.85
32.17,32.17,32.17,32.17
32.17,32.17,32.17,32.17
32.17,32.17,32.17,32.17
32.17,32.17,32.17,32.17
32.17,32.17,32.17,32.17
32.17,32.09,32.09,32.17
32.17,31.88,31.88,32.09
32.17,31.71,31.71,31.88
32.17,31.66,31.66,31.71
32.17,31.65,31.65,31.66
32.17,31.61,31.61,31.65
32.17,31.56,31.56,31.61
32.17,31.54,31.54,31.56
32.17,31.53,31.53,31.54
32.17,31.52,31.52,31.53
32.17,31.51,31.51,31.52
32.17,31.5,31.5,31.51
32.17,31.49,31.49,31.5
32.17,31.49,31.49,31.49
32.17,31.49,31.49,31.49
32.17,31.49,31.49,31.49
32.17,31.48,31.48,31.49
32.17,31.48,31.48,31.48
32.17,31.48,31.48,31.48
30.38,30.38,30.38,31.48
30.38,30.38,30.38,30.38
30.38,30.38,30.38,30.38
30.38,30.38,30.38,30.38
30.38,30.38,30.38,30.38
30.38,30.38,30.38,30.38
30.38,30.38,30.38,30.38
30.38,30.38,30.38,30.38
30.38,30.38,30.38,30.38
30.38,30.38,30.38,30.38
30.38,30.38,30.38,30.38
30.38,30.38,30.38,30.38
30.38,30.38,30.38,30.38
30.38,30.38,30.38,30.38
30.38,30.38,30.38,30.38
30.38,30.38,30.38,30.38
30.38,30.38,30.38,30.38
30.38,30.38,30.38,30.38
30.38,30.38,30.38,30.38
30.38,30.38,30.38,30.38
30.38,30.38,30.38,30.38
30.38,30.38,30.38,30.38
30.38,30.38,30.38,30.38
30.38,30.38,30.38,30.38
30.38,30.38,30.38,30.38
30.38,30.38,30.38,30.38
30.38,30.38,30.38,30.38
30.38,30.38,30.38,30.38
30.38,30.38,30.38,30.38
30.38,30.38,30.38,30.38
30.38,30.38,30.38,30.38
30.38,30.38,30.38,30.38
30.38,30.38,30.38,30.38
30.38,30.38,30.38,30.38
30.38,30.38,30.38,30.38
30.38,30.38,30.38,30.38
30.38,30.38,30.38,30.38
30.38,30.38,30.38,30.38
30.38,30.38,30.38,30.38
30.38,30.38,30.38,30.38
30.38,30.38,30.38,30.38
30.38,30.38,30.38,30.38
30.38,30.38,30.38,30.38
30.38,30.38,30.38,30.38
30.38,30.38,30.38,30.38
30.38,30.38,30.38,30.38
30.38,30.38,30.38,30.38
30.38,30.38,30.38,30.38
30.38,30.38,30.38,30.38
30.38,30.38,30.38,30.38
30.38,30.38,30.38,30.38
30.38,30.38,30.38,30.38
30.38,30.38,30.38,30.38
30.38,30.38,30.38,30.38
30.38,30.38,30.38,30.38
30.38,30.38,30.38,30.38
30.38,30.38,30.38,30.38
157.58,157.58,157.58,30.38
157.58,157.58,157.58,157.58
157.58,142.83,142.83,157.58
157.58,104.2,104.2,142.83
157.58,75.39,75.39,104.2
157.58,67.09,67.09,75.39
157.58,64.3,64.3,67.09
157.57999999999998,56.83,56.83,64.3
157.58,48.28,48.28,56.83
157.58,43.72,43.72,48.28
157.58,42.2,42.2,43.72
157.58,40.7,40.7,42.2
157.58,38.59,38.59,40.7
157.58,36.94,36.94,38.59
157.58,36.17,36.17,36.94
157.58,35.74,35.74,36.17
157.58,35.25,35.25,35.74
157.58,34.77,34.77,35.25
157.58,34.46,34.46,34.77
157.58,34.3,34.3,34.46
157.58,34.18,34.18,34.3
157.58,34.05,34.05,34.18
157.58,33.95,33.95,34.05
157.58,33.89,33.89,33.95
157.58,33.85,33.85,33.89
157.58,33.81,33.81,33.85
157.58,33.78,33.78,33.81
157.58,33.77,33.77,33.78
157.58,33.75,33.75,33.77
157.58,33.74,33.74,33.75
157.58,33.73,33.73,33.74
157.58,33.73,33.73,33.73
157.58,33.73,33.73,33.73
157.58,33.72,33.72,33.73
157.58,33.71,33.71,33.72
157.58,33.71,33.71,33.71
157.58,33.72,33.72,33.71
157.58,29.32,29.32,33.72
157.58,27.26,27.26,29.32
157.58,28.13,28.13,27.26
157.57999999999998,28.81,28.81,28.13
157.58,28.18,28.18,28.81
157.58,27.41,27.41,28.18
157.58,27.3,27.3,27.41
157.58,27.48,27.48,27.3
157.58,27.46,27.46,27.48
157.58000000000004,27.28,27.28,27.46
157.58,27.18,27.18,27.28
157.58,27.19,27.19,27.18
157.58,27.2,27.2,27.19
157.58,27.17,27.17,27.2
157.58000000000004,27.14,27.14,27.17
11.360000000000001,11.36,11.36,27.14
11.360000000000001,11.36,11.36,11.36
11.360000000000001,11.36,11.36,11.36
11.360000000000001,11.36,11.36,11.36
11.360000000000001,11.36,11.36,11.36
11.360000000000001,11.36,11.36,11.36
11.360000000000001,11.36,11.36,11.36
11.360000000000001,11.36,11.36,11.36
11.360000000000001,11.36,11.36,11.36
11.360000000000001,11.36,11.36,11.36
11.360000000000001,11.36,11.36,11.36
11.360000000000001,11.36,11.36,11.36
11.360000000000001,11.36,11.36,11.36
108.17000000000002,101.49,101.49,11.36
108.17,108.17,108.17,101.49
108.17,55.09,55.09,108.17
108.17,29.36,29.36,55.09
108.16999999999999,41.35,41.35,29.36
108.17,51.68,51.68,41.35
108.17,44.9,44.9,51.68
108.17,35.49,35.49,44.9
108.17,34.25,34.25,35.49
108.17,36.89,36.89,34.25
34.05,34.05,34.05,36.89
34.05,34.05,34.05,34.05
34.05,34.05,34.05,34.05
34.05,34.05,34.05,34.05
56.96,35.19,35.19,34.05
56.96,34.93,34.93,35.19
56.96,33.92,33.92,34.93
56.96,33.49,33.49,33.92
56.96,33.63,33.63,33.49
56.96,33.71,33.71,33.63
56.96,33.54,33.54,33.71
56.96,33.36,33.36,33.54
56.96,33.33,33.33,33.36
56.96,33.35,33.35,33.33
56.96,33.34,33.34,33.35
56.96,33.29,33.29,33.34
56.96,33.27,33.27,33.29
56.96,33.27,33.27,33.27
56.96,33.27,33.27,33.27
56.96,33.26,33.26,33.27
56.96,33.25,33.25,33.26
56.96,33.25,33.25,33.25
56.96,33.25,33.25,33.25
56.96,33.24,33.24,33.25
56.96,33.24,33.24,33.24
56.96,33.24,33.24,33.24
56.96,33.24,33.24,33.24
56.96,33.24,33.24,33.24
56.96,33.24,33.24,33.24
56.96,33.24,33.24,33.24
56.96,33.24,33.24,33.24
40.4,33.24,33.24,33.24
40.4,33.24,33.24,33.24
40.4,33.24,33.24,33.24
40.4,33.24,33.24,33.24
40.4,33.24,33.24,33.24
40.4,33.24,33.24,33.24
40.4,33.24,33.24,33.24
40.4,33.24,33.24,33.24
40.4,33.24,33.24,33.24
40.4,33.24,33.24,33.24
40.4,33.24,33.24,33.24
40.4,33.24,33.24,33.24
40.4,33.24,33.24,33.24
40.4,33.24,33.24,33.24
40.4,33.24,33.24,33.24
40.4,33.24,33.24,33.24
40.4,33.24,33.24,33.24
40.4,33.24,33.24,33.24
40.4,33.24,33.24,33.24
40.4,33.24,33.24,33.24
40.4,33.24,33.24,33.24
40.4,33.24,33.24,33.24
40.4,33.17,33.17,33.24
40.4,33.14,33.14,33.17
40.4,33.15,33.15,33.14
40.4,33.16,33.16,33.15
40.4,33.15,33.15,33.16
40.4,33.13,33.13,33.15
40.4,33.13,33.13,33.13
40.4,33.14,33.14,33.13
40.4,33.14,33.14,33.14
40.4,33.66,33.66,33.14
40.4,33.9,33.9,33.66
40.4,33.8,33.8,33.9
40.4,33.72,33.72,33.8
40.4,33.79,33.79,33.72
40.4,33.88,33.88,33.79
40.4,33.9,33.9,33.88
40.4,33.88,33.88,33.9
40.4,33.88,33.88,33.88
40.4,33.9,33.9,33.88
40.4,33.91,33.91,33.9
40.4,33.91,33.91,33.91
40.4,33.91,33.91,33.91
40.4,33.91,33.91,33.91
40.4,33.91,33.91,33.91
40.4,33.92,33.92,33.91
40.4,33.92,33.92,33.92
43.3,33.92,33.92,33.92
43.3,33.92,33.92,33.92
43.3,34.31,34.31,33.92
43.3,34.49,34.49,34.31
43.3,34.42,34.42,34.49
43.3,34.36,34.36,34.42
43.3,34.41,34.41,34.36
43.3,34.48,34.48,34.41
43.3,34.49,34.49,34.48
43.3,34.48,34.48,34.49
43.3,34.48,34.48,34.48
43.3,34.49,34.49,34.48
43.3,34.5,34.5,34.49
43.3,34.51,34.51,34.5
43.3,34.95,34.95,34.51
43.3,35.16,35.16,34.95
43.3,35.07,35.07,35.16
43.3,35.01,35.01,35.07
43.3,35.07,35.07,35.01
43.3,35.15,35.15,35.07
43.3,35.16,35.16,35.15
43.3,35.14,35.14,35.16
43.3,35.14,35.14,35.14
43.3,35.16,35.16,35.14
43.3,35.18,35.18,35.16
43.3,35.17,35.17,35.18
43.3,35.17,35.17,35.17
43.3,35.61,35.61,35.17
43.3,35.81,35.81,35.61
43.3,35.73,35.73,35.81
43.3,35.66,35.66,35.73
43.3,35.72,35.72,35.66
43.3,35.8,35.8,35.72
43.3,35.81,35.81,35.8
43.3,35.79,35.79,35.81
40.19,35.79,35.79,35.79
40.19,35.81,35.81,35.79
40.19,35.83,35.83,35.81
40.19,35.83,35.83,35.83
40.19,35.82,35.82,35.83
40.19,35.82,35.82,35.82
40.19,35.83,35.83,35.82
40.19,35.83,35.83,35.83
40.19,35.83,35.83,35.83
40.19,35.83,35.83,35.83
40.19,35.83,35.83,35.83
40.19,36.38,36.38,35.83
40.19,36.64,36.64,36.38
40.19,37.0,37.0,36.64
40.19,37.14,37.14,37.0
40.19,37.13,37.13,37.14
40.19,37.15,37.15,37.13
40.19,37.23,37.23,37.15
40.49,37.29,37.29,37.23
40.49,37.3,37.3,37.29
40.49,37.31,37.31,37.3
40.49,37.33,37.33,37.31
40.49,37.34,37.34,37.33
40.49,37.35,37.35,37.34
40.49,37.35,37.35,37.35
40.49,37.35,37.35,37.35
40.49,37.36,37.36,37.35
40.49,37.37,37.37,37.36
39.29,37.37,37.37,37.37
38.94,37.36,37.36,37.37
38.94,37.87,37.87,37.36
38.94,38.11,38.11,37.87
38.94,38.01,38.01,38.11
38.94,37.93,37.93,38.01
38.94,38.01,38.01,37.93
38.94,38.1,38.1,38.01
38.94,38.11,38.11,38.1
38.94,38.08,38.08,38.11
38.94,38.09,38.09,38.08
38.94,38.11,38.11,38.09
38.94,38.12,38.12,38.11
38.94,38.12,38.12,38.12
38.94,38.12,38.12,38.12
38.98,38.12,38.12,38.12
38.98,38.13,38.13,38.12
38.98,38.13,38.13,38.13
38.98,38.13,38.13,38.13
38.98,38.13,38.13,38.13
38.98,38.13,38.13,38.13
38.98,38.13,38.13,38.13
38.98,38.13,38.13,38.13
38.98,38.13,38.13,38.13
38.98,38.13,38.13,38.13
38.98,38.13,38.13,38.13
38.98,38.13,38.13,38.13
38.98,38.13,38.13,38.13
38.98,38.13,38.13,38.13
38.98,38.13,38.13,38.13
38.98,38.13,38.13,38.13
38.98,38.13,38.13,38.13
38.98,38.13,38.13,38.13
38.98,38.13,38.13,38.13
38.98,38.13,38.13,38.13
38.98,38.13,38.13,38.13
38.98,38.13,38.13,38.13
38.98,38.13,38.13,38.13
38.98,38.13,38.13,38.13
38.98,38.13,38.13,38.13
38.98,38.13,38.13,38.13
38.98,38.13,38.13,38.13
38.98,38.13,38.13,38.13
38.98,38.13,38.13,38.13
38.98,38.13,38.13,38.13
38.98,38.13,38.13,38.13
38.98,38.13,38.13,38.13
38.98,38.13,38.13,38.13
38.98,38.13,38.13,38.13
38.98,38.13,38.13,38.13
38.65,38.13,38.13,38.13
38.65,38.13,38.13,38.13
38.65,38.13,38.13,38.13
38.65,38.13,38.13,38.13
38.65,38.13,38.13,38.13
38.65,38.13,38.13,38.13
38.65,38.13,38.13,38.13
38.65,38.13,38.13,38.13
38.65,38.13,38.13,38.13
38.65,38.13,38.13,38.13
38.65,38.13,38.13,38.13
38.65,38.13,38.13,38.13
38.65,38.13,38.13,38.13
38.65,38.13,38.13,38.13
38.65,38.13,38.13,38.13
38.65,38.13,38.13,38.13
38.56,38.13,38.13,38.13
38.56,38.56,38.56,38.13
38.56,38.56,38.56,38.56
38.56,38.56,38.56,38.56
38.56,38.56,38.56,38.56
38.56,38.56,38.56,38.56
38.56,38.56,38.56,38.56
38.56,38.56,38.56,38.56
38.56,38.56,38.56,38.56
38.56,38.56,38.56,38.56
38.56,38.56,38.56,38.56
38.56,38.56,38.56,38.56
38.56,38.56,38.56,38.56
38.56,38.56,38.56,38.56
38.56,38.56,38.56,38.56
38.56,38.56,38.56,38.56
38.56,38.56,38.56,38.56
38.56,38.56,38.56,38.56
38.56,38.56,38.56,38.56
38.56,38.56,38.56,38.56
38.56,38.56,38.56,38.56
38.56,38.56,38.56,38.56
38.56,38.56,38.56,38.56
38.56,38.56,38.56,38.56
38.56,38.56,38.56,38.56
38.56,38.56,38.56,38.56
38.56,38.56,38.56,38.56
38.56,38.56,38.56,38.56
38.56,38.56,38.56,38.56
38.56,38.56,38.56,38.56
38.56,38.56,38.56,38.56
38.56,38.56,38.56,38.56
38.56,38.56,38.56,38.56
38.56,38.56,38.56,38.56
38.56,38.56,38.56,38.56
38.56,38.56,38.56,38.56
38.56,38.56,38.56,38.56
38.56,38.56,38.56,38.56
38.56,38.56,38.56,38.56
38.56,38.56,38.56,38.56
38.56,38.56,38.56,38.56
41.49,41.49,41.49,38.56
41.49,41.49,41.49,41.49
41.49,40.99,40.99,41.49
41.49,40.17,40.17,40.99
41.49,39.7,39.7,40.17
39.01,39.01,39.01,39.7
39.01,39.01,39.01,39.01
39.01,39.01,39.01,39.01
39.01,39.01,39.01,39.01
39.01,39.01,39.01,39.01
39.01,39.01,39.01,39.01
39.01,39.01,39.01,39.01
39.01,39.01,39.01,39.01
39.01,39.01,39.01,39.01
39.01,39.01,39.01,39.01
39.01,39.01,39.01,39.01
39.01,39.01,39.01,39.01
39.01,39.01,39.01,39.01
39.01,39.01,39.01,39.01
39.01,39.01,39.01,39.01
39.01,39.01,39.01,39.01
39.01,39.01,39.01,39.01
39.01,39.01,39.01,39.01
39.01,39.01,39.01,39.01
39.01,39.01,39.01,39.01
39.01,39.01,39.01,39.01
39.01,39.01,39.01,39.01
39.01,39.01,39.01,39.01
39.01,39.01,39.01,39.01
39.01,39.01,39.01,39.01
39.01,39.01,39.01,39.01
39.01,39.01,39.01,39.01
43.11,43.11,43.11,39.01
43.11,43.11,43.11,43.11
43.11,42.02,42.02,43.11
43.11,40.92,40.92,42.02
43.11,40.55,40.55,40.92
43.11,40.52,40.52,40.55
43.11,40.35,40.35,40.52
43.11,40.06,40.06,40.35
43.11,40.17,40.17,40.06
39.5,39.5,39.5,40.17
39.5,39.5,39.5,39.5
39.5,39.5,39.5,39.5
39.5,39.5,39.5,39.5
39.5,39.5,39.5,39.5
39.5,39.5,39.5,39.5
39.5,39.5,39.5,39.5
39.5,39.5,39.5,39.5
39.5,39.5,39.5,39.5
39.5,39.5,39.5,39.5
39.5,39.5,39.5,39.5
39.5,39.5,39.5,39.5
39.5,39.5,39.5,39.5
39.5,39.5,39.5,39.5
39.5,39.5,39.5,39.5
44.2,44.2,44.2,39.5
44.2,44.2,44.2,44.2
44.2,42.93,42.93,44.2
44.2,41.8,41.8,42.93
44.2,41.51,41.51,41.8
44.2,41.52,41.52,41.51
44.2,41.33,41.33,41.52
44.2,41.02,41.02,41.33
44.2,40.85,40.85,41.02
44.2,40.82,40.82,40.85
44.2,40.79,40.79,40.82
44.2,40.72,40.72,40.79
44.2,40.66,40.66,40.72
44.2,40.63,40.63,40.66
44.2,40.62,40.62,40.63
44.2,40.61,40.61,40.62
44.2,40.59,40.59,40.61
44.2,40.58,40.58,40.59
44.2,40.58,40.58,40.58
44.2,40.58,40.58,40.58
44.2,40.57,40.57,40.58
44.2,40.56,40.56,40.57
44.2,40.56,40.56,40.56
44.2,40.57,40.57,40.56
44.2,40.57,40.57,40.57
44.2,40.56,40.56,40.57
44.2,40.56,40.56,40.56
44.2,40.56,40.56,40.56
44.2,40.56,40.56,40.56
44.2,40.56,40.56,40.56
44.2,40.56,40.56,40.56
44.2,40.56,40.56,40.56
44.2,40.56,40.56,40.56
44.2,40.56,40.56,40.56
44.2,40.56,40.56,40.56
44.2,40.56,40.56,40.56
44.2,40.56,40.56,40.56
44.2,40.56,40.56,40.56
44.2,40.56,40.56,40.56
44.2,40.56,40.56,40.56
44.2,40.56,40.56,40.56
44.2,40.56,40.56,40.56
44.2,40.56,40.56,40.56
44.2,40.56,40.56,40.56
44.2,40.56,40.56,40.56
44.2,40.56,40.56,40.56
40.01,40.01,40.01,40.56
40.01,40.01,40.01,40.01
40.01,40.01,40.01,40.01
40.01,40.01,40.01,40.01
40.01,40.01,40.01,40.01
40.01,40.01,40.01,40.01
40.01,40.01,40.01,40.01
40.01,40.01,40.01,40.01
40.01,40.01,40.01,40.01
40.01,40.01,40.01,40.01
40.01,40.01,40.01,40.01
40.01,40.01,40.01,40.01
40.01,40.01,40.01,40.01
40.01,40.01,40.01,40.01
40.01,40.01,40.01,40.01
40.01,40.01,40.01,40.01
44.94,44.94,44.94,40.01
44.94,44.94,44.94,44.94
44.94,43.28,43.28,44.94
44.94,42.06,42.06,43.28
44.94,41.94,41.94,42.06
44.94,42.34,42.34,41.94
44.94,42.23,42.23,42.34
44.94,41.82,41.82,42.23
44.94,41.61,41.61,41.82
40.95,40.95,40.95,41.61
40.95,40.95,40.95,40.95
40.95,40.95,40.95,40.95
40.95,40.95,40.95,40.95
40.95,40.95,40.95,40.95
42.95,42.55,42.55,40.95
42.95,42.7,42.7,42.55
42.95,41.8,41.8,42.7
41.73,41.36,41.36,41.8
41.73,41.57,41.57,41.36
41.73,41.73,41.73,41.57
41.73,41.65,41.65,41.73
41.73,41.51,41.51,41.65
41.73,41.48,41.48,41.51
41.73,41.51,41.51,41.48
41.73,41.52,41.52,41.51
41.73,41.49,41.49,41.52
41.73,41.47,41.47,41.49
41.73,41.47,41.47,41.47
41.73,41.47,41.47,41.47
41.73,41.47,41.47,41.47
41.73,41.47,41.47,41.47
41.73,41.46,41.46,41.47
41.73,41.46,41.46,41.46
41.73,41.73,41.73,41.46
41.73,41.73,41.73,41.73
41.73,41.73,41.73,41.73
41.73,41.73,41.73,41.73
41.73,41.73,41.73,41.73
42.54,42.52,42.52,41.73
42.54,42.54,42.54,42.52
42.54,42.25,42.25,42.54
42.54,42.11,42.11,42.25
42.54,42.18,42.18,42.11
42.54,42.23,42.23,42.18
42.54,42.19,42.19,42.23
42.54,42.14,42.14,42.19
42.54,42.14,42.14,42.14
42.54,42.15,42.15,42.14
42.54,42.15,42.15,42.15
42.54,42.14,42.14,42.15
42.54,42.46,42.46,42.14
42.54,42.54,42.54,42.46
42.54,42.54,42.54,42.54
42.54,42.54,42.54,42.54
42.54,42.54,42.54,42.54
42.54,42.54,42.54,42.54
42.54,42.54,42.54,42.54
42.54,42.54,42.54,42.54
42.54,42.54,42.54,42.54
42.54,42.54,42.54,42.54
42.54,42.54,42.54,42.54
42.54,42.54,42.54,42.54
42.54,42.54,42.54,42.54
42.54,42.54,42.54,42.54
42.54,42.54,42.54,42.54
42.54,42.54,42.54,42.54
42.54,42.54,42.54,42.54
42.54,42.54,42.54,42.54
42.54,42.54,42.54,42.54
42.54,42.54,42.54,42.54
42.54,42.54,42.54,42.54
42.54,42.54,42.54,42.54
44.03,44.03,44.03,42.54
44.03,44.03,44.03,44.03
44.03,44.03,44.03,44.03
44.03,44.03,44.03,44.03
44.03,44.03,44.03,44.03
44.03,44.03,44.03,44.03
44.03,44.03,44.03,44.03
44.03,44.03,44.03,44.03
44.03,44.03,44.03,44.03
44.03,44.03,44.03,44.03
44.03,44.03,44.03,44.03
44.03,44.03,44.03,44.03
44.03,44.03,44.03,44.03
44.03,44.03,44.03,44.03
44.03,44.03,44.03,44.03
44.03,44.03,44.03,44.03
44.03,44.03,44.03,44.03
44.03,44.03,44.03,44.03
44.03,44.03,44.03,44.03
44.03,44.03,44.03,44.03
44.03,44.03,44.03,44.03
45.2,45.2,45.2,44.03
45.2,45.2,45.2,45.2
45.2,45.2,45.2,45.2
45.2,45.2,45.2,45.2
45.2,45.2,45.2,45.2
45.2,45.2,45.2,45.2
45.2,45.2,45.2,45.2
45.2,45.2,45.2,45.2
45.2,45.2,45.2,45.2
44.85,44.85,44.85,45.2
44.85,44.85,44.85,44.85
44.85,44.85,44.85,44.85
44.85,44.85,44.85,44.85
44.85,44.85,44.85,44.85
44.85,44.85,44.85,44.85
44.85,44.85,44.85,44.85
44.85,44.85,44.85,44.85
44.85,44.85,44.85,44.85
44.85,44.85,44.85,44.85
44.85,44.85,44.85,44.85
44.85,44.85,44.85,44.85
44.85,44.85,44.85,44.85
44.85,44.85,44.85,44.85
46.67,46.67,46.67,44.85
46.67,46.67,46.67,46.67
46.67,46.67,46.67,46.67
46.67,46.67,46.67,46.67
46.67,46.67,46.67,46.67
46.67,46.44,46.44,46.67
46.67000000000001,46.13,46.13,46.44
46.67,45.97,45.97,46.13
45.26,45.26,45.26,45.97
45.26,45.26,45.26,45.26
45.26,45.26,45.26,45.26
45.26,45.26,45.26,45.26
45.26,45.26,45.26,45.26
45.26,45.26,45.26,45.26
45.26,45.26,45.26,45.26
45.26,45.26,45.26,45.26
46.599999999999994,46.6,46.6,45.26
46.599999999999994,46.6,46.6,46.6
46.60000000000001,46.41,46.41,46.6
46.6,46.12,46.12,46.41
46.599999999999994,45.95,45.95,46.12
46.6,45.92,45.92,45.95
46.6,45.89,45.89,45.92
46.6,45.82,45.82,45.89
46.60000000000001,45.76,45.76,45.82
46.60000000000001,45.74,45.74,45.76
46.60000000000001,45.74,45.74,45.74
46.6,45.72,45.72,45.74
46.6,45.7,45.7,45.72
46.6,45.69,45.69,45.7
46.6,45.69,45.69,45.69
46.6,45.69,45.69,45.69
46.6,45.68,45.68,45.69
46.6,45.67,45.67,45.68
46.6,45.67,45.67,45.67
46.6,45.68,45.68,45.67
46.6,45.68,45.68,45.68
46.6,45.67,45.67,45.68
46.6,45.67,45.67,45.67
45.46,45.46,45.46,45.67
45.46,45.46,45.46,45.46
45.46,45.46,45.46,45.46
45.46,45.46,45.46,45.46
45.46,45.46,45.46,45.46
45.46,45.46,45.46,45.46
45.46,45.46,45.46,45.46
45.46,45.46,45.46,45.46
45.46,45.46,45.46,45.46
45.46,45.46,45.46,45.46
45.46,45.46,45.46,45.46
45.46,45.46,45.46,45.46
45.46,45.46,45.46,45.46
45.46,45.46,45.46,45.46
45.46,45.46,45.46,45.46
45.46,45.46,45.46,45.46
45.46,45.46,45.46,45.46
49.0,49.0,49.0,45.46
49.0,49.0,49.0,49.0
48.87,48.87,48.87,49.0
48.87,48.25,48.25,48.87
48.87,47.61,47.61,48.25
48.87,47.34,47.34,47.61
48.86999999999999,47.27,47.27,47.34
48.87,47.15,47.15,47.27
48.87,46.99,46.99,47.15
48.87,46.88,46.88,46.99
48.86999999999999,46.83,46.83,46.88
46.88,46.8,46.8,46.83
46.88,46.76,46.76,46.8
46.88,46.73,46.73,46.76
46.88000000000001,46.71,46.71,46.73
46.88,46.7,46.7,46.71
46.88,46.69,46.69,46.7
46.88,46.69,46.69,46.69
46.88,46.68,46.68,46.69
46.879999999999995,46.67,46.67,46.68
46.879999999999995,46.67,46.67,46.67
46.879999999999995,46.67,46.67,46.67
46.88,46.66,46.66,46.67
46.88,46.66,46.66,46.66
46.879999999999995,46.67,46.67,46.66
46.879999999999995,46.67,46.67,46.67
46.88,46.66,46.66,46.67
46.88,46.66,46.66,46.66
46.88,46.66,46.66,46.66
46.88,46.66,46.66,46.66
46.88,46.66,46.66,46.66
47.35000000000001,46.66,46.66,46.66
47.35000000000001,46.66,46.66,46.66
47.35000000000001,46.66,46.66,46.66
47.35000000000001,46.66,46.66,46.66
46.95,46.66,46.66,46.66
46.95,46.66,46.66,46.66
46.95,46.66,46.66,46.66
46.95,46.66,46.66,46.66
46.95,46.66,46.66,46.66
46.95,46.66,46.66,46.66
46.95,46.66,46.66,46.66
46.95,46.66,46.66,46.66
46.95,46.66,46.66,46.66
46.95,46.87,46.87,46.66
46.95,46.95,46.95,46.87
46.95,46.92,46.92,46.95
46.95,46.9,46.9,46.92
46.95,46.92,46.92,46.9
46.95,46.95,46.95,46.92
46.95,46.95,46.95,46.95
46.95,46.95,46.95,46.95
46.95,46.95,46.95,46.95
46.95,46.95,46.95,46.95
46.95,46.95,46.95,46.95
46.95,46.95,46.95,46.95
46.95,46.95,46.95,46.95
46.95,46.95,46.95,46.95
46.95,46.95,46.95,46.95
46.95,46.95,46.95,46.95
46.95,46.95,46.95,46.95
46.95,46.95,46.95,46.95
46.95,46.95,46.95,46.95
46.95,46.95,46.95,46.95
46.95,46.95,46.95,46.95
46.95,46.95,46.95,46.95
46.95,46.95,46.95,46.95
46.95,46.95,46.95,46.95
46.95,46.95,46.95,46.95
46.95,46.95,46.95,46.95
46.95,46.95,46.95,46.95
46.95,46.95,46.95,46.95
46.95,46.95,46.95,46.95
46.95,46.95,46.95,46.95
46.95,46.95,46.95,46.95
46.95,46.95,46.95,46.95
46.95,46.95,46.95,46.95
46.95,46.95,46.95,46.95
46.95,46.95,46.95,46.95
46.95,46.95,46.95,46.95
46.95,46.95,46.95,46.95
46.95,46.95,46.95,46.95
46.95,46.95,46.95,46.95
46.95,46.95,46.95,46.95
46.95,46.95,46.95,46.95
46.95,46.95,46.95,46.95
46.95,46.95,46.95,46.95
46.95,46.95,46.95,46.95
46.95,46.95,46.95,46.95
46.95,46.95,46.95,46.95
46.95,46.95,46.95,46.95
46.95,46.95,46.95,46.95
46.95,46.95,46.95,46.95
46.95,46.95,46.95,46.95
46.95,46.95,46.95,46.95
46.95,46.95,46.95,46.95
46.95,46.95,46.95,46.95
46.95,46.95,46.95,46.95
46.95,46.95,46.95,46.95
46.95,46.95,46.95,46.95
46.95,46.95,46.95,46.95
46.95,46.95,46.95,46.95
51.31,51.31,51.31,46.95
51.31,51.31,51.31,51.31
51.31,50.49,50.49,51.31
51.31000000000001,49.23,49.23,50.49
51.31,48.52,48.52,49.23
51.31,48.36,48.36,48.52
51.309999999999995,48.23,48.23,48.36
51.31,47.94,47.94,48.23
51.31,47.69,47.69,47.94
51.309999999999995,47.59,47.59,47.69
51.31,47.55,47.55,47.59
51.31,47.49,47.49,47.55
51.31,47.42,47.42,47.49
51.31,47.38,47.38,47.42
51.31,47.36,47.36,47.38
51.31,47.34,47.34,47.36
51.31,47.32,47.32,47.34
51.31,47.31,47.31,47.32
46.71000000000001,46.71,46.71,47.31
46.71000000000001,46.71,46.71,46.71
46.71000000000001,46.71,46.71,46.71
46.71000000000001,46.71,46.71,46.71
46.71000000000001,46.71,46.71,46.71
46.71000000000001,46.71,46.71,46.71
46.71000000000001,46.71,46.71,46.71
46.71000000000001,46.71,46.71,46.71
46.71000000000001,46.71,46.71,46.71
46.71000000000001,46.71,46.71,46.71
46.71000000000001,46.71,46.71,46.71
46.71000000000001,46.71,46.71,46.71
46.71000000000001,46.71,46.71,46.71
46.71000000000001,46.71,46.71,46.71
46.71000000000001,46.71,46.71,46.71
46.71000000000001,46.71,46.71,46.71
51.46,51.46,51.46,46.71
51.46,51.46,51.46,51.46
51.46,50.01,50.01,51.46
51.46,48.95,48.95,50.01
51.46,48.87,48.87,48.95
48.11,48.11,48.11,48.87
48.11,48.11,48.11,48.11
48.11,48.11,48.11,48.11
48.11,48.11,48.11,48.11
48.11,48.11,48.11,48.11
48.11,48.11,48.11,48.11
48.11,48.11,48.11,48.11
48.11,48.11,48.11,48.11
48.11,48.11,48.11,48.11
48.11,48.11,48.11,48.11
48.11,48.11,48.11,48.11
48.11,48.11,48.11,48.11
48.11,48.11,48.11,48.11
48.11,48.11,48.11,48.11
48.11,48.11,48.11,48.11
48.11,48.11,48.11,48.11
48.11,48.11,48.11,48.11
49.46999999999999,48.93,48.93,48.11
49.46999999999999,48.93,48.93,48.93
49.47,48.37,48.37,48.93
49.47,48.11,48.11,48.37
49.470000000000006,48.22,48.22,48.11
49.47,48.31,48.31,48.22
49.47,48.23,48.23,48.31
49.47,48.13,48.13,48.23
49.47,48.11,48.11,48.13
49.47,48.14,48.14,48.11
49.47,48.14,48.14,48.14
49.47,48.11,48.11,48.14
49.470000000000006,48.09,48.09,48.11
49.47,48.1,48.1,48.09
49.47,48.11,48.11,48.1
49.47,48.1,48.1,48.11
49.470000000000006,48.09,48.09,48.1
49.470000000000006,48.09,48.09,48.09
49.470000000000006,48.09,48.09,48.09
49.470000000000006,48.09,48.09,48.09
49.470000000000006,48.09,48.09,48.09
49.470000000000006,48.09,48.09,48.09
49.470000000000006,48.09,48.09,48.09
49.470000000000006,48.09,48.09,48.09
49.470000000000006,48.09,48.09,48.09
49.470000000000006,48.09,48.09,48.09
49.470000000000006,48.09,48.09,48.09
49.470000000000006,48.09,48.09,48.09
49.470000000000006,48.09,48.09,48.09
49.470000000000006,48.09,48.09,48.09
49.470000000000006,48.09,48.09,48.09
49.470000000000006,48.09,48.09,48.09
49.470000000000006,48.09,48.09,48.09
49.470000000000006,48.09,48.09,48.09
49.470000000000006,48.09,48.09,48.09
49.470000000000006,48.09,48.09,48.09
49.470000000000006,48.09,48.09,48.09
49.470000000000006,48.09,48.09,48.09
49.470000000000006,48.09,48.09,48.09
49.470000000000006,48.09,48.09,48.09
49.470000000000006,48.09,48.09,48.09
49.470000000000006,48.09,48.09,48.09
49.470000000000006,48.09,48.09,48.09
49.470000000000006,48.09,48.09,48.09
49.470000000000006,48.09,48.09,48.09
49.470000000000006,48.09,48.09,48.09
49.470000000000006,48.09,48.09,48.09
49.46999999999999,48.08,48.08,48.09
49.47,48.07,48.07,48.08
49.47,48.07,48.07,48.07
49.46999999999999,48.08,48.08,48.07
49.46999999999999,48.08,48.08,48.08
49.47,48.07,48.07,48.08
49.47,48.07,48.07,48.07
49.47,48.07,48.07,48.07
49.47,48.07,48.07,48.07
49.47,48.07,48.07,48.07
49.47,48.07,48.07,48.07
49.47,48.07,48.07,48.07
49.47,48.07,48.07,48.07
49.47,48.07,48.07,48.07
49.47,48.07,48.07,48.07
49.47,48.07,48.07,48.07
49.47,48.07,48.07,48.07
49.47,48.07,48.07,48.07
49.47,48.07,48.07,48.07
49.47,48.07,48.07,48.07
49.47,48.07,48.07,48.07
49.47,48.07,48.07,48.07
49.47,48.07,48.07,48.07
49.47,48.07,48.07,48.07
49.47,48.07,48.07,48.07
49.47,48.07,48.07,48.07
49.47,48.07,48.07,48.07
49.47,48.07,48.07,48.07
49.47,48.07,48.07,48.07
49.47,48.07,48.07,48.07
49.47,48.07,48.07,48.07
49.47,48.07,48.07,48.07
49.47,48.07,48.07,48.07
49.47,48.07,48.07,48.07
49.47,48.07,48.07,48.07
49.47,48.07,48.07,48.07
49.47,48.07,48.07,48.07
49.47,48.07,48.07,48.07
49.47,48.07,48.07,48.07
48.260000000000005,48.07,48.07,48.07
48.260000000000005,48.07,48.07,48.07
48.260000000000005,48.07,48.07,48.07
48.260000000000005,48.07,48.07,48.07
48.260000000000005,48.07,48.07,48.07
48.260000000000005,48.07,48.07,48.07
48.260000000000005,48.07,48.07,48.07
48.260000000000005,48.07,48.07,48.07
48.260000000000005,48.07,48.07,48.07
48.260000000000005,48.07,48.07,48.07
48.260000000000005,48.07,48.07,48.07
48.260000000000005,48.07,48.07,48.07
48.260000000000005,48.07,48.07,48.07
48.260000000000005,48.07,48.07,48.07
48.260000000000005,48.07,48.07,48.07
48.260000000000005,48.07,48.07,48.07
48.260000000000005,48.07,48.07,48.07
48.260000000000005,48.07,48.07,48.07
48.260000000000005,48.07,48.07,48.07
48.260000000000005,48.07,48.07,48.07
48.260000000000005,48.07,48.07,48.07
48.260000000000005,48.07,48.07,48.07
48.260000000000005,48.07,48.07,48.07
48.260000000000005,48.07,48.07,48.07
48.26,48.2,48.2,48.07
48.26,48.26,48.26,48.2
48.260000000000005,48.23,48.23,48.26
48.26,48.21,48.21,48.23
48.26,48.26,48.26,48.21
48.26,48.26,48.26,48.26
48.26,48.26,48.26,48.26
48.26,48.26,48.26,48.26
48.26,48.26,48.26,48.26
48.26,48.26,48.26,48.26
48.26,48.26,48.26,48.26
48.26,48.26,48.26,48.26
48.26,48.26,48.26,48.26
48.26,48.26,48.26,48.26
48.26,48.26,48.26,48.26
48.26,48.26,48.26,48.26
48.26,48.26,48.26,48.26
48.26,48.26,48.26,48.26
48.26,48.26,48.26,48.26
48.26,48.26,48.26,48.26
48.26,48.26,48.26,48.26
48.26,48.26,48.26,48.26
48.26,48.26,48.26,48.26
48.26,48.26,48.26,48.26
48.26,48.26,48.26,48.26
48.26,48.26,48.26,48.26
48.26,48.26,48.26,48.26
48.26,48.26,48.26,48.26
48.26,48.26,48.26,48.26
48.26,48.26,48.26,48.26
49.71,49.71,49.71,48.26
49.71,49.71,49.71,49.71
49.71,49.02,49.02,49.71
49.71,48.64,48.64,49.02
49.71000000000001,48.73,48.73,48.64
49.71,48.82,48.82,48.73
49.71,48.72,48.72,48.82
49.71,48.6,48.6,48.72
49.71,48.56,48.56,48.6
49.71,48.58,48.58,48.56
49.71,48.58,48.58,48.58
49.71,48.56,48.56,48.58
49.71,48.54,48.54,48.56
49.71,48.53,48.53,48.54
49.71,48.58,48.58,48.53
49.71,48.6,48.6,48.58
49.71,48.59,48.59,48.6
49.71,48.58,48.58,48.59
49.71,48.58,48.58,48.58
49.71,48.59,48.59,48.58
49.71,48.59,48.59,48.59
49.71,48.59,48.59,48.59
48.49000000000001,48.49,48.49,48.59
48.49000000000001,48.49,48.49,48.49
48.49000000000001,48.49,48.49,48.49
48.49000000000001,48.49,48.49,48.49
48.49000000000001,48.49,48.49,48.49
48.49000000000001,48.49,48.49,48.49
48.49000000000001,48.49,48.49,48.49
48.49000000000001,48.49,48.49,48.49
48.49000000000001,48.49,48.49,48.49
48.49000000000001,48.49,48.49,48.49
48.49000000000001,48.49,48.49,48.49
48.49000000000001,48.49,48.49,48.49
48.49000000000001,48.49,48.49,48.49
48.49000000000001,48.49,48.49,48.49
48.49000000000001,48.49,48.49,48.49
48.49000000000001,48.49,48.49,48.49
48.49000000000001,48.49,48.49,48.49
48.49000000000001,48.49,48.49,48.49
48.49000000000001,48.49,48.49,48.49
48.49000000000001,48.49,48.49,48.49
48.49000000000001,48.49,48.49,48.49
48.49000000000001,48.49,48.49,48.49
48.49000000000001,48.49,48.49,48.49
48.49000000000001,48.49,48.49,48.49
48.49000000000001,48.49,48.49,48.49
48.49000000000001,48.49,48.49,48.49
48.49000000000001,48.49,48.49,48.49
48.49000000000001,48.49,48.49,48.49
48.49000000000001,48.49,48.49,48.49
48.49000000000001,48.49,48.49,48.49
48.49000000000001,48.49,48.49,48.49
48.49000000000001,48.49,48.49,48.49
48.49000000000001,48.49,48.49,48.49
48.49000000000001,48.49,48.49,48.49
48.49000000000001,48.49,48.49,48.49
48.49000000000001,48.49,48.49,48.49
48.49000000000001,48.49,48.49,48.49
48.49000000000001,48.49,48.49,48.49
48.49000000000001,48.49,48.49,48.49
48.49000000000001,48.49,48.49,48.49
48.49000000000001,48.49,48.49,48.49
48.49000000000001,48.49,48.49,48.49
48.49000000000001,48.49,48.49,48.49
51.77000000000001,51.77,51.77,48.49
51.77000000000001,51.77,51.77,51.77
51.769999999999996,50.97,50.97,51.77
51.77,50.06,50.06,50.97
51.77,49.68,49.68,50.06
51.77,49.62,49.62,49.68
51.77,49.5,49.5,49.62
51.77,49.28,49.28,49.5
51.77,49.12,49.12,49.28
51.77,49.06,49.06,49.12
51.77,49.04,49.04,49.06
51.769999999999996,48.89,48.89,49.04
51.769999999999996,48.78,48.78,48.89
51.769999999999996,48.77,48.77,48.78
51.77000000000001,48.79,48.79,48.77
51.77000000000001,48.76,48.76,48.79
48.38999999999999,48.39,48.39,48.76
48.38999999999999,48.39,48.39,48.39
48.38999999999999,48.39,48.39,48.39
48.38999999999999,48.39,48.39,48.39
48.38999999999999,48.39,48.39,48.39
48.38999999999999,48.39,48.39,48.39
48.38999999999999,48.39,48.39,48.39
48.38999999999999,48.39,48.39,48.39
48.38999999999999,48.39,48.39,48.39
48.38999999999999,48.39,48.39,48.39
48.38999999999999,48.39,48.39,48.39
48.38999999999999,48.39,48.39,48.39
48.38999999999999,48.39,48.39,48.39
50.32000000000001,49.97,49.97,48.39
50.32,50.06,50.06,49.97
50.32,49.1,49.1,50.06
50.32,48.64,48.64,49.1
50.32000000000001,48.86,48.86,48.64
50.32,49.03,49.03,48.86
50.32000000000001,48.9,48.9,49.03
50.32,48.74,48.74,48.9
50.32,48.72,48.72,48.74
50.32,48.76,48.76,48.72
50.32,48.76,48.76,48.76
50.32,48.72,48.72,48.76
50.32,48.7,48.7,48.72
50.32,48.7,48.7,48.7
50.32,48.71,48.71,48.7
50.32,48.7,48.7,48.71
50.31999999999999,48.69,48.69,48.7
50.32,48.7,48.7,48.69
48.77,48.7,48.7,48.7
48.77,48.69,48.69,48.7
48.77,48.69,48.69,48.69
48.77,48.69,48.69,48.69
48.77,48.69,48.69,48.69
48.77,48.69,48.69,48.69
48.77,48.69,48.69,48.69
48.77,48.77,48.77,48.69
48.77,48.77,48.77,48.77
48.77,48.77,48.77,48.77
48.77,48.77,48.77,48.77
48.77,48.77,48.77,48.77
48.77,48.77,48.77,48.77
48.77,48.77,48.77,48.77
48.77,48.77,48.77,48.77
48.77,48.77,48.77,48.77
48.77,48.77,48.77,48.77
48.77,48.77,48.77,48.77
48.77,48.77,48.77,48.77
48.77,48.77,48.77,48.77
48.77,48.77,48.77,48.77
48.77,48.77,48.77,48.77
48.77,48.77,48.77,48.77
48.77,48.77,48.77,48.77
48.77,48.77,48.77,48.77
48.77,48.77,48.77,48.77
48.77,48.77,48.77,48.77
48.77,48.77,48.77,48.77
48.77,48.77,48.77,48.77
48.77,48.77,48.77,48.77
48.77,48.77,48.77,48.77
48.77,48.77,48.77,48.77
48.77,48.77,48.77,48.77
48.77,48.77,48.77,48.77
48.77,48.77,48.77,48.77
48.77,48.77,48.77,48.77
48.77,48.77,48.77,48.77
48.77,48.77,48.77,48.77
48.77,48.77,48.77,48.77
48.77,48.77,48.77,48.77
48.77,48.77,48.77,48.77
48.77,48.77,48.77,48.77
48.77,48.77,48.77,48.77
51.18000000000001,51.18,51.18,48.77
51.18000000000001,51.18,51.18,51.18
51.17999999999999,50.28,50.28,51.18
51.18,49.62,49.62,50.28
51.18,49.57,49.57,49.62
51.18,49.63,49.63,49.57
51.18,49.5,49.5,49.63
51.18,49.31,49.31,49.5
51.18,49.22,49.22,49.31
51.18,49.22,49.22,49.22
51.18,49.2,49.2,49.22
51.17999999999999,49.16,49.16,49.2
51.18000000000001,49.13,49.13,49.16
51.17999999999999,49.12,49.12,49.13
51.18,49.11,49.11,49.12
51.18,49.11,49.11,49.11
51.18,49.1,49.1,49.11
51.18000000000001,49.09,49.09,49.1
51.18000000000001,49.09,49.09,49.09
51.18000000000001,49.09,49.09,49.09
51.18000000000001,49.08,49.08,49.09
51.18000000000001,49.08,49.08,49.08
51.18000000000001,49.09,49.09,49.08
51.18000000000001,49.09,49.09,49.09
51.18000000000001,49.08,49.08,49.09
51.18000000000001,49.08,49.08,49.08
51.18000000000001,49.08,49.08,49.08
51.18000000000001,49.08,49.08,49.08
51.18000000000001,49.08,49.08,49.08
51.18000000000001,49.08,49.08,49.08
51.18000000000001,49.08,49.08,49.08
51.18000000000001,49.08,49.08,49.08
51.18000000000001,49.08,49.08,49.08
51.18000000000001,49.08,49.08,49.08
48.89,48.89,48.89,49.08
48.89,48.89,48.89,48.89
48.89,48.89,48.89,48.89
48.89,48.89,48.89,48.89
49.79,49.32,49.32,48.89
49.79,49.38,49.38,49.32
49.79,49.16,49.16,49.38
49.79,49.04,49.04,49.16
49.79,49.09,49.09,49.04
49.79,49.15,49.15,49.09
49.239999999999995,49.13,49.13,49.15
49.24,49.09,49.09,49.13
49.24,49.08,49.08,49.09
49.24,49.09,49.09,49.08
49.24,49.09,49.09,49.09
49.24,49.08,49.08,49.09
49.24,49.08,49.08,49.08
49.24,49.09,49.09,49.08
49.24,49.12,49.12,49.09
49.239999999999995,49.13,49.13,49.12
49.24,49.16,49.16,49.13
49.24,49.18,49.18,49.16
49.24000000000001,49.17,49.17,49.18
49.24000000000001,49.17,49.17,49.17
49.24,49.18,49.18,49.17
49.24,49.19,49.19,49.18
49.24,49.19,49.19,49.19
49.24,49.18,49.18,49.19
49.24,49.22,49.22,49.18
49.24,49.24,49.24,49.22
49.24,49.24,49.24,49.24
49.24,49.24,49.24,49.24
49.24,49.24,49.24,49.24
49.24,49.24,49.24,49.24
49.24,49.24,49.24,49.24
49.24,49.24,49.24,49.24
49.459999999999994,49.3,49.3,49.24
49.46,49.32,49.32,49.3
49.459999999999994,49.3,49.3,49.32
49.46,49.29,49.29,49.3
49.46,49.29,49.29,49.29
49.459999999999994,49.3,49.3,49.29
49.459999999999994,49.3,49.3,49.3
49.459999999999994,49.3,49.3,49.3
49.459999999999994,49.3,49.3,49.3
49.459999999999994,49.3,49.3,49.3
49.459999999999994,49.3,49.3,49.3
49.459999999999994,49.3,49.3,49.3
49.459999999999994,49.3,49.3,49.3
49.459999999999994,49.3,49.3,49.3
49.459999999999994,49.3,49.3,49.3
49.459999999999994,49.3,49.3,49.3
49.459999999999994,49.3,49.3,49.3
49.459999999999994,49.3,49.3,49.3
49.46,49.33,49.33,49.3
49.46,49.34,49.34,49.33
49.46,49.33,49.33,49.34
49.46,49.33,49.33,49.33
49.46,49.34,49.34,49.33
49.46,49.34,49.34,49.34
49.46000000000001,49.37,49.37,49.34
49.46,49.38,49.38,49.37
49.46,49.38,49.38,49.38
49.46,49.38,49.38,49.38
49.39,49.38,49.38,49.38
49.39,49.39,49.39,49.38
49.39,49.39,49.39,49.39
49.39,49.38,49.38,49.39
49.39,49.38,49.38,49.38
49.39,49.39,49.39,49.38
49.39,49.39,49.39,49.39
49.39,49.39,49.39,49.39
49.39,49.39,49.39,49.39
49.39,49.39,49.39,49.39
49.39,49.39,49.39,49.39
49.39,49.39,49.39,49.39
49.39,49.39,49.39,49.39
49.39,49.39,49.39,49.39
49.39,49.39,49.39,49.39
49.39,49.39,49.39,49.39
49.39,49.39,49.39,49.39
49.39,49.39,49.39,49.39
49.39,49.39,49.39,49.39
49.39,49.39,49.39,49.39
49.39,49.39,49.39,49.39
49.39,49.39,49.39,49.39
49.39,49.39,49.39,49.39
49.39,49.39,49.39,49.39
49.39,49.39,49.39,49.39
49.39,49.39,49.39,49.39
49.39,49.39,49.39,49.39
49.39,49.39,49.39,49.39
49.39,49.39,49.39,49.39
49.39,49.39,49.39,49.39
49.39,49.39,49.39,49.39
49.39,49.39,49.39,49.39
49.39,49.39,49.39,49.39
49.39,49.39,49.39,49.39
49.39,49.39,49.39,49.39
49.39,49.39,49.39,49.39
49.39,49.39,49.39,49.39
49.67999999999999,49.68,49.68,49.39
49.67999999999999,49.68,49.68,49.68
49.67999999999999,49.67,49.67,49.68
49.68,49.6,49.6,49.67
49.68,49.55,49.55,49.6
49.68,49.54,49.54,49.55
49.68,49.53,49.53,49.54
49.68,49.52,49.52,49.53
49.68,49.5,49.5,49.52
49.68,49.5,49.5,49.5
49.68,49.5,49.5,49.5
49.68,49.49,49.49,49.5
49.67999999999999,49.48,49.48,49.49
49.67999999999999,49.48,49.48,49.48
49.68,49.49,49.49,49.48
49.68,49.49,49.49,49.49
49.67999999999999,49.48,49.48,49.49
49.67999999999999,49.48,49.48,49.48
49.67999999999999,49.48,49.48,49.48
49.67999999999999,49.48,49.48,49.48
49.43,49.43,49.43,49.48
49.43,49.43,49.43,49.43
49.43,49.43,49.43,49.43
49.43,49.43,49.43,49.43
49.43,49.43,49.43,49.43
49.43,49.43,49.43,49.43
49.43,49.43,49.43,49.43
49.43,49.43,49.43,49.43
49.43,49.43,49.43,49.43
49.43,49.43,49.43,49.43
49.43,49.43,49.43,49.43
49.43,49.43,49.43,49.43
49.43,49.43,49.43,49.43
49.78,49.78,49.78,49.43
49.78,49.78,49.78,49.78
49.78000000000001,49.73,49.73,49.78
49.78,49.66,49.66,49.73
49.56,49.56,49.56,49.66
49.56,49.56,49.56,49.56
49.56,49.56,49.56,49.56
49.56,49.56,49.56,49.56
49.56,49.56,49.56,49.56
49.56,49.56,49.56,49.56
49.56,49.56,49.56,49.56
49.56,49.56,49.56,49.56
49.56,49.56,49.56,49.56
49.56,49.56,49.56,49.56
49.56,49.56,49.56,49.56
49.56,49.56,49.56,49.56
49.56,49.56,49.56,49.56
49.56,49.56,49.56,49.56
49.56,49.56,49.56,49.56
49.56,49.56,49.56,49.56
49.56,49.56,49.56,49.56
49.56,49.56,49.56,49.56
49.56,49.56,49.56,49.56
49.56,49.56,49.56,49.56
49.56,49.56,49.56,49.56
49.56,49.56,49.56,49.56
49.56,49.56,49.56,49.56
49.56,49.56,49.56,49.56
49.56,49.56,49.56,49.56
49.56,49.56,49.56,49.56
49.56,49.56,49.56,49.56
49.56,49.56,49.56,49.56
49.56,49.56,49.56,49.56
49.56,49.56,49.56,49.56
49.56,49.55,49.55,49.56
49.56,49.55,49.55,49.55
49.56,49.55,49.55,49.55
49.56,49.55,49.55,49.55
49.56,49.55,49.55,49.55
49.56,49.55,49.55,49.55
49.56,49.55,49.55,49.55
49.56,49.56,49.56,49.55
49.56,49.56,49.56,49.56
49.56,49.56,49.56,49.56
49.56,49.56,49.56,49.56
49.56,49.56,49.56,49.56
49.56,49.56,49.56,49.56
49.56,49.56,49.56,49.56
49.56,49.56,49.56,49.56
49.56,49.56,49.56,49.56
49.56,49.56,49.56,49.56
49.56,49.56,49.56,49.56
49.56,49.56,49.56,49.56
49.56,49.56,49.56,49.56
49.56,49.56,49.56,49.56
49.56,49.56,49.56,49.56
49.56,49.56,49.56,49.56
49.56,49.56,49.56,49.56
49.56,49.56,49.56,49.56
49.56,49.56,49.56,49.56
49.87,49.87,49.87,49.56
49.87,49.87,49.87,49.87
49.87,49.83,49.83,49.87
49.87,49.77,49.77,49.83
49.87,49.72,49.72,49.77
49.87,49.71,49.71,49.72
49.870000000000005,49.7,49.7,49.71
49.87,49.69,49.69,49.7
49.87,49.68,49.68,49.69
49.87,49.67,49.67,49.68
49.87,49.66,49.66,49.67
49.87,49.66,49.66,49.66
49.87,49.66,49.66,49.66
49.87,49.66,49.66,49.66
49.87,49.65,49.65,49.66
49.6,49.6,49.6,49.65
49.6,49.6,49.6,49.6
49.6,49.6,49.6,49.6
49.6,49.6,49.6,49.6
49.74,49.72,49.72,49.6
49.74,49.73,49.73,49.72
49.74,49.67,49.67,49.73
49.74,49.65,49.65,49.67
49.74,49.66,49.66,49.65
49.74,49.68,49.68,49.66
49.74,49.67,49.67,49.68
49.74,49.66,49.66,49.67
49.65,49.65,49.65,49.66
49.65,49.65,49.65,49.65
49.65,49.65,49.65,49.65
49.65,49.65,49.65,49.65
49.65,49.65,49.65,49.65
49.65,49.65,49.65,49.65
49.65,49.65,49.65,49.65
49.65,49.65,49.65,49.65
49.65,49.65,49.65,49.65
49.65,49.65,49.65,49.65
49.65,49.65,49.65,49.65
49.65,49.65,49.65,49.65
49.65,49.65,49.65,49.65
49.65,49.65,49.65,49.65
49.65,49.65,49.65,49.65
49.65,49.65,49.65,49.65
49.65,49.65,49.65,49.65
49.65,49.65,49.65,49.65
49.65,49.65,49.65,49.65
49.65,49.65,49.65,49.65
49.65,49.65,49.65,49.65
49.65,49.65,49.65,49.65
49.65,49.65,49.65,49.65
49.65,49.65,49.65,49.65
49.65,49.65,49.65,49.65
49.65,49.65,49.65,49.65
49.65,49.65,49.65,49.65
49.65,49.65,49.65,49.65
49.65,49.65,49.65,49.65
49.65,49.65,49.65,49.65
49.65,49.65,49.65,49.65
49.65,49.65,49.65,49.65
49.65,49.65,49.65,49.65
49.65,49.65,49.65,49.65
49.65,49.65,49.65,49.65
49.65,49.65,49.65,49.65
49.65,49.65,49.65,49.65
49.65,49.65,49.65,49.65
49.65,49.65,49.65,49.65
49.65,49.65,49.65,49.65
49.65,49.65,49.65,49.65
49.65,49.65,49.65,49.65
49.65,49.65,49.65,49.65
49.65,49.65,49.65,49.65
49.65,49.65,49.65,49.65
49.65,49.65,49.65,49.65
49.65,49.65,49.65,49.65
49.65,49.65,49.65,49.65
49.65,49.65,49.65,49.65
49.65,49.65,49.65,49.65
49.65,49.65,49.65,49.65
49.65,49.65,49.65,49.65
49.65,49.65,49.65,49.65
49.65,49.65,49.65,49.65
49.65,49.65,49.65,49.65
49.65,49.65,49.65,49.65
49.65,49.65,49.65,49.65
49.65,49.65,49.65,49.65
49.65,49.65,49.65,49.65
49.65,49.65,49.65,49.65
49.65,49.65,49.65,49.65
49.65,49.65,49.65,49.65
49.65,49.65,49.65,49.65
49.65,49.65,49.65,49.65
49.65,49.65,49.65,49.65
49.65,49.65,49.65,49.65
49.65,49.65,49.65,49.65
49.65,49.65,49.65,49.65
49.65,49.65,49.65,49.65
49.65,49.65,49.65,49.65
49.65,49.65,49.65,49.65
49.65,49.65,49.65,49.65
49.65,49.65,49.65,49.65
49.65,49.65,49.65,49.65
49.65,49.65,49.65,49.65
49.65,49.65,49.65,49.65
49.65,49.65,49.65,49.65
49.65,49.65,49.65,49.65
49.65,49.65,49.65,49.65
49.65,49.65,49.65,49.65
49.65,49.65,49.65,49.65
49.65,49.65,49.65,49.65
49.65,49.65,49.65,49.65
49.65,49.65,49.65,49.65
49.65,49.65,49.65,49.65
49.65,49.65,49.65,49.65
49.65,49.65,49.65,49.65
49.65,49.65,49.65,49.65
49.65,49.65,49.65,49.65
49.65,49.65,49.65,49.65
49.65,49.65,49.65,49.65
49.65,49.65,49.65,49.65
49.65,49.65,49.65,49.65
49.65,49.65,49.65,49.65
49.65,49.65,49.65,49.65
49.65,49.65,49.65,49.65
49.65,49.65,49.65,49.65
52.17,52.17,52.17,49.65
52.17,52.17,52.17,52.17
52.17,51.82,51.82,52.17
52.17,51.1,51.1,51.82
52.17,50.61,50.61,51.1
49.980000000000004,49.98,49.98,50.61
49.980000000000004,49.98,49.98,49.98
49.980000000000004,49.98,49.98,49.98
49.980000000000004,49.98,49.98,49.98
49.980000000000004,49.98,49.98,49.98
50.82,50.47,50.47,49.98
50.82,50.43,50.43,50.47
50.82,50.07,50.07,50.43
50.82000000000001,49.9,49.9,50.07
50.82,49.96,49.96,49.9
50.07,49.95,49.95,49.96
50.07,49.87,49.87,49.95
50.07,49.82,49.82,49.87
50.06999999999999,49.81,49.81,49.82
50.07,49.82,49.82,49.81
50.06999999999999,49.81,49.81,49.82
50.07,49.79,49.79,49.81
50.07,49.78,49.78,49.79
50.07,49.78,49.78,49.78
50.07,49.78,49.78,49.78
50.07,49.78,49.78,49.78
50.07,49.77,49.77,49.78
50.07,49.77,49.77,49.77
50.07,49.77,49.77,49.77
50.07,49.77,49.77,49.77
50.07,49.77,49.77,49.77
50.07,49.77,49.77,49.77
50.07,49.77,49.77,49.77
50.13,49.77,49.77,49.77
50.13,49.77,49.77,49.77
50.13,49.77,49.77,49.77
50.13,49.77,49.77,49.77
50.13,49.77,49.77,49.77
50.13,49.77,49.77,49.77
50.13,49.77,49.77,49.77
50.13,49.77,49.77,49.77
50.13,49.77,49.77,49.77
50.13,49.8,49.8,49.77
50.129999999999995,49.81,49.81,49.8
50.129999999999995,49.81,49.81,49.81
50.13,49.8,49.8,49.81
50.13,49.8,49.8,49.8
50.129999999999995,49.81,49.81,49.8
50.129999999999995,49.81,49.81,49.81
50.129999999999995,49.81,49.81,49.81
50.129999999999995,49.81,49.81,49.81
50.00999999999999,49.81,49.81,49.81
50.00999999999999,49.81,49.81,49.81
50.00999999999999,49.81,49.81,49.81
50.00999999999999,49.81,49.81,49.81
50.00999999999999,49.81,49.81,49.81
50.01,49.82,49.82,49.81
50.01,49.82,49.82,49.82
50.01,49.82,49.82,49.82
50.01,49.82,49.82,49.82
50.01,49.82,49.82,49.82
50.01,49.82,49.82,49.82
50.01,49.82,49.82,49.82
50.01,49.82,49.82,49.82
50.01,49.82,49.82,49.82
50.01,49.82,49.82,49.82
50.01,49.82,49.82,49.82
50.01,49.82,49.82,49.82
50.01,49.82,49.82,49.82
50.01,49.82,49.82,49.82
50.01,49.82,49.82,49.82
50.01,49.82,49.82,49.82
50.01,49.82,49.82,49.82
50.01,49.82,49.82,49.82
50.01,49.82,49.82,49.82
50.01,49.82,49.82,49.82
50.01,49.82,49.82,49.82
50.01,49.82,49.82,49.82
50.01,49.82,49.82,49.82
50.01,49.83,49.83,49.82
50.01,49.83,49.83,49.83
50.01,49.83,49.83,49.83
50.01,49.83,49.83,49.83
50.01,49.83,49.83,49.83
50.01,49.83,49.83,49.83
50.01,49.83,49.83,49.83
50.01,49.83,49.83,49.83
50.01,49.83,49.83,49.83
50.01,49.83,49.83,49.83
50.01,49.83,49.83,49.83
50.01,49.83,49.83,49.83
50.01,49.83,49.83,49.83
50.01,49.83,49.83,49.83
50.01,49.83,49.83,49.83
50.01,49.84,49.84,49.83
50.01,49.84,49.84,49.84
50.01,49.84,49.84,49.84
50.01,49.84,49.84,49.84
50.01,49.84,49.84,49.84
50.01,49.84,49.84,49.84
50.01,49.84,49.84,49.84
50.010000000000005,49.85,49.85,49.84
50.010000000000005,49.85,49.85,49.85
50.010000000000005,49.85,49.85,49.85
50.010000000000005,49.85,49.85,49.85
50.010000000000005,49.85,49.85,49.85
50.010000000000005,49.85,49.85,49.85
50.010000000000005,49.85,49.85,49.85
50.010000000000005,49.85,49.85,49.85
50.0,49.85,49.85,49.85
50.0,49.85,49.85,49.85
50.0,49.85,49.85,49.85
50.0,49.85,49.85,49.85
50.0,49.85,49.85,49.85
50.0,49.85,49.85,49.85
50.0,49.85,49.85,49.85
50.0,49.85,49.85,49.85
50.0,49.85,49.85,49.85
50.0,49.85,49.85,49.85
50.0,49.85,49.85,49.85
50.0,49.85,49.85,49.85
50.0,49.85,49.85,49.85
49.95,49.85,49.85,49.85
49.95,49.85,49.85,49.85
49.95,49.85,49.85,49.85
49.95,49.85,49.85,49.85
49.95,49.85,49.85,49.85
49.95,49.85,49.85,49.85
49.95,49.85,49.85,49.85
49.95,49.85,49.85,49.85
49.95,49.85,49.85,49.85
49.95,49.85,49.85,49.85
49.95,49.85,49.85,49.85
49.95,49.85,49.85,49.85
49.95,49.85,49.85,49.85
49.95,49.85,49.85,49.85
49.95,49.85,49.85,49.85
49.95,49.85,49.85,49.85
49.95,49.85,49.85,49.85
49.95,49.85,49.85,49.85
49.95,49.85,49.85,49.85
49.95,49.85,49.85,49.85
49.95,49.85,49.85,49.85
49.95,49.85,49.85,49.85
49.95,49.85,49.85,49.85
49.95,49.85,49.85,49.85
49.95,49.85,49.85,49.85
49.95,49.85,49.85,49.85
49.95,49.85,49.85,49.85
49.95,49.85,49.85,49.85
49.95,49.85,49.85,49.85
49.95,49.85,49.85,49.85
49.95,49.85,49.85,49.85
49.95,49.85,49.85,49.85
49.95,49.85,49.85,49.85
49.95,49.85,49.85,49.85
49.95,49.85,49.85,49.85
49.95,49.85,49.85,49.85
49.95,49.85,49.85,49.85
49.95,49.85,49.85,49.85
49.95,49.86,49.86,49.85
49.95,49.86,49.86,49.86
49.95,49.86,49.86,49.86
49.95,49.86,49.86,49.86
49.95,49.86,49.86,49.86
49.95,49.86,49.86,49.86
49.95,49.86,49.86,49.86
49.95,49.86,49.86,49.86
49.95,49.86,49.86,49.86
49.95,49.86,49.86,49.86
49.95,49.86,49.86,49.86
49.95,49.86,49.86,49.86
49.95,49.86,49.86,49.86
49.95,49.86,49.86,49.86
49.95,49.86,49.86,49.86
49.95,49.86,49.86,49.86
49.95,49.86,49.86,49.86
49.95,49.86,49.86,49.86
49.95,49.86,49.86,49.86
49.95,49.86,49.86,49.86
49.95,49.86,49.86,49.86
49.95,49.86,49.86,49.86
49.95,49.86,49.86,49.86
49.95,49.86,49.86,49.86
49.95,49.86,49.86,49.86
49.95,49.86,49.86,49.86
49.95,49.86,49.86,49.86
49.95,49.86,49.86,49.86
49.95,49.86,49.86,49.86
49.95,49.86,49.86,49.86
49.95,49.86,49.86,49.86
49.95,49.86,49.86,49.86
49.95,49.86,49.86,49.86
49.95,49.86,49.86,49.86
49.95,49.86,49.86,49.86
49.95,49.86,49.86,49.86
49.95,49.86,49.86,49.86
49.95,49.86,49.86,49.86
49.95,49.86,49.86,49.86
49.93,49.86,49.86,49.86
49.93,49.86,49.86,49.86
49.93,49.86,49.86,49.86
49.93,49.86,49.86,49.86
49.93,49.86,49.86,49.86
49.93,49.86,49.86,49.86
49.93,49.86,49.86,49.86
49.93,49.86,49.86,49.86
49.93,49.86,49.86,49.86
49.93,49.86,49.86,49.86
49.93,49.86,49.86,49.86
49.93,49.86,49.86,49.86
49.93,49.86,49.86,49.86
49.93,49.86,49.86,49.86
49.93,49.86,49.86,49.86
49.93,49.86,49.86,49.86
49.93,49.86,49.86,49.86
49.93,49.86,49.86,49.86
49.910000000000004,49.86,49.86,49.86
49.910000000000004,49.86,49.86,49.86
49.910000000000004,49.86,49.86,49.86
49.900000000000006,49.86,49.86,49.86
49.900000000000006,49.86,49.86,49.86
49.900000000000006,49.86,49.86,49.86
49.900000000000006,49.86,49.86,49.86
49.900000000000006,49.86,49.86,49.86
49.900000000000006,49.86,49.86,49.86
49.900000000000006,49.86,49.86,49.86
49.900000000000006,49.86,49.86,49.86
49.900000000000006,49.86,49.86,49.86
49.900000000000006,49.86,49.86,49.86
49.900000000000006,49.86,49.86,49.86
49.900000000000006,49.86,49.86,49.86
49.900000000000006,49.86,49.86,49.86
49.900000000000006,49.86,49.86,49.86
49.900000000000006,49.86,49.86,49.86
49.900000000000006,49.86,49.86,49.86
49.9,49.87,49.87,49.86
49.9,49.87,49.87,49.87
49.900000000000006,49.86,49.86,49.87
49.900000000000006,49.86,49.86,49.86
49.9,49.87,49.87,49.86
49.9,49.87,49.87,49.87
49.9,49.87,49.87,49.87
49.9,49.87,49.87,49.87
49.9,49.87,49.87,49.87
49.9,49.87,49.87,49.87
49.9,49.87,49.87,49.87
49.9,49.87,49.87,49.87
49.9,49.87,49.87,49.87
49.9,49.87,49.87,49.87
49.9,49.87,49.87,49.87
49.9,49.87,49.87,49.87
49.9,49.87,49.87,49.87
49.9,49.87,49.87,49.87
49.9,49.87,49.87,49.87
49.9,49.87,49.87,49.87
49.9,49.87,49.87,49.87
49.9,49.87,49.87,49.87
49.9,49.87,49.87,49.87
49.89,49.87,49.87,49.87
49.89,49.87,49.87,49.87
49.89,49.87,49.87,49.87
49.89,49.87,49.87,49.87
49.89,49.87,49.87,49.87
49.89,49.87,49.87,49.87
49.89,49.87,49.87,49.87
49.89,49.87,49.87,49.87
49.89,49.87,49.87,49.87
49.89,49.87,49.87,49.87
49.89,49.87,49.87,49.87
49.89,49.87,49.87,49.87
49.89,49.88,49.88,49.87
49.89,49.88,49.88,49.88
49.89,49.88,49.88,49.88
49.89,49.88,49.88,49.88
49.89,49.88,49.88,49.88
49.89,49.88,49.88,49.88
49.89,49.88,49.88,49.88
49.89,49.88,49.88,49.88
49.9,49.88,49.88,49.88
49.9,49.88,49.88,49.88
49.9,49.88,49.88,49.88
49.9,49.88,49.88,49.88
49.9,49.88,49.88,49.88
49.9,49.88,49.88,49.88
49.9,49.88,49.88,49.88
49.9,49.88,49.88,49.88
49.9,49.88,49.88,49.88
49.9,49.88,49.88,49.88
49.9,49.88,49.88,49.88
49.9,49.88,49.88,49.88
49.9,49.88,49.88,49.88
49.9,49.88,49.88,49.88
49.9,49.89,49.89,49.88
49.9,49.89,49.89,49.89
49.9,49.89,49.89,49.89
49.9,49.89,49.89,49.89
49.9,49.9,49.9,49.89
49.9,49.9,49.9,49.9
49.9,49.9,49.9,49.9
49.9,49.9,49.9,49.9
49.9,49.9,49.9,49.9
49.9,49.9,49.9,49.9
49.9,49.9,49.9,49.9
49.9,49.9,49.9,49.9
49.9,49.9,49.9,49.9
49.9,49.9,49.9,49.9
49.9,49.9,49.9,49.9
49.9,49.9,49.9,49.9
49.9,49.9,49.9,49.9
49.9,49.9,49.9,49.9
49.9,49.9,49.9,49.9
49.9,49.9,49.9,49.9
49.91,49.91,49.91,49.9
49.91,49.91,49.91,49.91
49.91,49.91,49.91,49.91
49.91,49.91,49.91,49.91
49.91,49.91,49.91,49.91
49.91,49.91,49.91,49.91
49.91,49.91,49.91,49.91
49.91,49.91,49.91,49.91
49.91,49.91,49.91,49.91
49.91,49.91,49.91,49.91
49.9,49.9,49.9,49.91
49.9,49.9,49.9,49.9
49.9,49.9,49.9,49.9
49.9,49.9,49.9,49.9
49.9,49.9,49.9,49.9
49.9,49.9,49.9,49.9
49.9,49.9,49.9,49.9
49.9,49.9,49.9,49.9
49.9,49.9,49.9,49.9
49.9,49.9,49.9,49.9
49.93,49.93,49.93,49.9
49.93,49.93,49.93,49.93
49.93,49.93,49.93,49.93
49.93,49.92,49.92,49.93
49.93,49.92,49.92,49.92
49.93,49.92,49.92,49.92
49.93000000000001,49.91,49.91,49.92
49.93000000000001,49.91,49.91,49.91
49.93000000000001,49.91,49.91,49.91
49.93000000000001,49.91,49.91,49.91
49.93,49.92,49.92,49.91
49.93,49.92,49.92,49.92
49.93,49.92,49.92,49.92
49.93,49.92,49.92,49.92
49.93,49.92,49.92,49.92
49.93,49.92,49.92,49.92
49.91,49.91,49.91,49.92
49.91,49.91,49.91,49.91
49.91,49.91,49.91,49.91
49.91,49.91,49.91,49.91
49.91,49.91,49.91,49.91
49.91,49.91,49.91,49.91
49.91,49.91,49.91,49.91
49.91,49.91,49.91,49.91
49.91,49.91,49.91,49.91
49.91,49.91,49.91,49.91
49.91,49.91,49.91,49.91
49.91,49.91,49.91,49.91
49.91,49.91,49.91,49.91
49.91,49.91,49.91,49.91
49.91,49.91,49.91,49.91
49.91,49.91,49.91,49.91
49.91,49.91,49.91,49.91
49.91,49.91,49.91,49.91
49.91,49.91,49.91,49.91
49.91,49.91,49.91,49.91
49.91,49.91,49.91,49.91
49.91,49.91,49.91,49.91
49.91,49.91,49.91,49.91
49.91,49.91,49.91,49.91
49.91,49.91,49.91,49.91
50.0,50.0,50.0,49.91
50.0,50.0,50.0,50.0
50.0,50.0,50.0,50.0
50.0,49.97,49.97,50.0
50.0,49.95,49.95,49.97
50.0,49.95,49.95,49.95
50.0,49.95,49.95,49.95
50.0,49.95,49.95,49.95
50.0,49.94,49.94,49.95
50.0,49.93,49.93,49.94
50.0,49.93,49.93,49.93
50.0,49.94,49.94,49.93
50.0,49.94,49.94,49.94
50.0,49.93,49.93,49.94
50.0,49.93,49.93,49.93
50.0,49.93,49.93,49.93
50.0,49.93,49.93,49.93
50.0,49.93,49.93,49.93
50.0,49.93,49.93,49.93
50.0,49.93,49.93,49.93
50.0,49.93,49.93,49.93
50.0,49.93,49.93,49.93
50.0,49.93,49.93,49.93
50.0,49.93,49.93,49.93
50.0,49.93,49.93,49.93
50.0,49.93,49.93,49.93
50.0,49.93,49.93,49.93
50.0,49.93,49.93,49.93
50.0,49.93,49.93,49.93
50.0,49.94,49.94,49.93
50.0,49.94,49.94,49.94
50.0,49.94,49.94,49.94
50.0,49.94,49.94,49.94
50.0,49.94,49.94,49.94
50.0,49.94,49.94,49.94
50.0,49.94,49.94,49.94
50.0,49.94,49.94,49.94
50.0,49.94,49.94,49.94
50.0,49.94,49.94,49.94
50.0,49.94,49.94,49.94
50.0,49.94,49.94,49.94
50.0,49.94,49.94,49.94
50.0,49.94,49.94,49.94
50.0,49.94,49.94,49.94
49.93999999999999,49.94,49.94,49.94
49.93999999999999,49.94,49.94,49.94
49.93999999999999,49.94,49.94,49.94
49.93999999999999,49.94,49.94,49.94
49.93999999999999,49.94,49.94,49.94
49.93999999999999,49.94,49.94,49.94
49.93999999999999,49.94,49.94,49.94
49.93999999999999,49.94,49.94,49.94
49.96,49.94,49.94,49.94
49.96,49.94,49.94,49.94
49.96,49.94,49.94,49.94
49.96,49.94,49.94,49.94
49.96,49.94,49.94,49.94
49.96,49.94,49.94,49.94
49.96,49.94,49.94,49.94
49.96,49.94,49.94,49.94
49.96,49.94,49.94,49.94
49.96,49.94,49.94,49.94
49.96,49.94,49.94,49.94
49.96,49.94,49.94,49.94
49.96,49.94,49.94,49.94
49.96,49.94,49.94,49.94
49.96,49.94,49.94,49.94
49.96,49.94,49.94,49.94
49.96,49.94,49.94,49.94
49.96,49.94,49.94,49.94
49.96,49.94,49.94,49.94
49.96,49.94,49.94,49.94
49.93999999999999,49.94,49.94,49.94
49.93999999999999,49.94,49.94,49.94
49.93999999999999,49.94,49.94,49.94
49.93999999999999,49.94,49.94,49.94
49.93999999999999,49.94,49.94,49.94
49.93999999999999,49.94,49.94,49.94
49.93999999999999,49.94,49.94,49.94
49.93999999999999,49.94,49.94,49.94
49.93999999999999,49.94,49.94,49.94
49.93999999999999,49.94,49.94,49.94
49.93999999999999,49.94,49.94,49.94
49.93999999999999,49.94,49.94,49.94
49.93999999999999,49.94,49.94,49.94
49.93999999999999,49.94,49.94,49.94
49.93999999999999,49.94,49.94,49.94
49.93999999999999,49.94,49.94,49.94
49.93999999999999,49.94,49.94,49.94
49.93999999999999,49.94,49.94,49.94
49.93999999999999,49.94,49.94,49.94
49.93999999999999,49.94,49.94,49.94
49.93999999999999,49.94,49.94,49.94
49.93999999999999,49.94,49.94,49.94
49.93999999999999,49.94,49.94,49.94
49.93999999999999,49.94,49.94,49.94
49.93999999999999,49.94,49.94,49.94
49.93999999999999,49.94,49.94,49.94
49.93999999999999,49.94,49.94,49.94
49.93999999999999,49.94,49.94,49.94
49.93999999999999,49.94,49.94,49.94
49.93999999999999,49.94,49.94,49.94
49.93999999999999,49.94,49.94,49.94
49.93999999999999,49.94,49.94,49.94
49.93999999999999,49.94,49.94,49.94
49.93999999999999,49.94,49.94,49.94
49.93999999999999,49.94,49.94,49.94
49.93999999999999,49.94,49.94,49.94
49.93999999999999,49.94,49.94,49.94
50.0,50.0,50.0,49.94
50.0,50.0,50.0,50.0
50.0,49.99,49.99,50.0
50.0,49.98,49.98,49.99
50.0,49.97,49.97,49.98
50.0,49.96,49.96,49.97
50.0,49.96,49.96,49.96
50.0,49.96,49.96,49.96
50.0,49.95,49.95,49.96
50.0,49.95,49.95,49.95
50.0,49.96,49.96,49.95
50.0,49.96,49.96,49.96
50.0,49.95,49.95,49.96
50.0,49.95,49.95,49.95
50.0,49.95,49.95,49.95
50.0,49.95,49.95,49.95
50.0,49.95,49.95,49.95
50.0,49.95,49.95,49.95
50.0,49.95,49.95,49.95
50.0,49.95,49.95,49.95
50.0,49.95,49.95,49.95
50.0,49.95,49.95,49.95
50.0,49.95,49.95,49.95
50.0,49.95,49.95,49.95
50.0,49.95,49.95,49.95
50.0,49.95,49.95,49.95
50.0,49.95,49.95,49.95
49.95000000000001,49.95,49.95,49.95
49.95000000000001,49.95,49.95,49.95
49.95000000000001,49.95,49.95,49.95
49.95000000000001,49.95,49.95,49.95
49.96000000000001,49.95,49.95,49.95
49.96000000000001,49.95,49.95,49.95
49.96000000000001,49.95,49.95,49.95
49.96000000000001,49.95,49.95,49.95
49.96000000000001,49.95,49.95,49.95
49.95000000000001,49.95,49.95,49.95
49.95000000000001,49.95,49.95,49.95
49.95000000000001,49.95,49.95,49.95
49.95000000000001,49.95,49.95,49.95
49.95000000000001,49.95,49.95,49.95
49.95000000000001,49.95,49.95,49.95
49.95000000000001,49.95,49.95,49.95
49.95000000000001,49.95,49.95,49.95
49.95000000000001,49.95,49.95,49.95
49.95000000000001,49.95,49.95,49.95
49.95000000000001,49.95,49.95,49.95
49.95000000000001,49.95,49.95,49.95
49.95000000000001,49.95,49.95,49.95
49.95000000000001,49.95,49.95,49.95
49.95000000000001,49.95,49.95,49.95
49.95000000000001,49.95,49.95,49.95
49.95000000000001,49.95,49.95,49.95
49.95000000000001,49.95,49.95,49.95
49.95000000000001,49.95,49.95,49.95
49.95000000000001,49.95,49.95,49.95
49.95000000000001,49.95,49.95,49.95
49.95000000000001,49.95,49.95,49.95
49.95000000000001,49.95,49.95,49.95
49.95000000000001,49.95,49.95,49.95
49.95000000000001,49.95,49.95,49.95
49.95000000000001,49.95,49.95,49.95
49.95000000000001,49.95,49.95,49.95
49.95000000000001,49.95,49.95,49.95
49.95000000000001,49.95,49.95,49.95
49.95000000000001,49.95,49.95,49.95
49.95000000000001,49.95,49.95,49.95
49.95000000000001,49.95,49.95,49.95
49.95000000000001,49.95,49.95,49.95
50.03,50.03,50.03,49.95
50.03,50.03,50.03,50.03
50.03,50.0,50.0,50.03
50.029999999999994,49.98,49.98,50.0
50.029999999999994,49.98,49.98,49.98
50.029999999999994,49.98,49.98,49.98
50.03,49.97,49.97,49.98
50.03,49.97,49.97,49.97
49.95000000000001,49.95,49.95,49.97
49.95000000000001,49.95,49.95,49.95
49.95000000000001,49.95,49.95,49.95
49.95000000000001,49.95,49.95,49.95
49.95000000000001,49.95,49.95,49.95
49.95000000000001,49.95,49.95,49.95
49.95000000000001,49.95,49.95,49.95
49.95000000000001,49.95,49.95,49.95
49.95000000000001,49.95,49.95,49.95
49.95000000000001,49.95,49.95,49.95
49.95000000000001,49.95,49.95,49.95
49.95000000000001,49.95,49.95,49.95
49.95000000000001,49.95,49.95,49.95
49.95000000000001,49.95,49.95,49.95
49.95000000000001,49.95,49.95,49.95
49.95000000000001,49.95,49.95,49.95
49.95000000000001,49.95,49.95,49.95
49.95000000000001,49.95,49.95,49.95
49.95000000000001,49.95,49.95,49.95
49.95000000000001,49.95,49.95,49.95
49.95000000000001,49.95,49.95,49.95
49.95000000000001,49.95,49.95,49.95
49.95000000000001,49.95,49.95,49.95
49.95000000000001,49.95,49.95,49.95
49.95000000000001,49.95,49.95,49.95
49.95000000000001,49.95,49.95,49.95
49.95000000000001,49.95,49.95,49.95
49.95000000000001,49.95,49.95,49.95
49.95000000000001,49.95,49.95,49.95
49.95000000000001,49.95,49.95,49.95
49.95000000000001,49.95,49.95,49.95
49.95000000000001,49.95,49.95,49.95
49.95000000000001,49.95,49.95,49.95
49.95000000000001,49.95,49.95,49.95
49.95000000000001,49.95,49.95,49.95
49.95000000000001,49.95,49.95,49.95
49.95000000000001,49.95,49.95,49.95
49.95000000000001,49.95,49.95,49.95
49.95000000000001,49.95,49.95,49.95
49.95000000000001,49.95,49.95,49.95
49.95000000000001,49.95,49.95,49.95
49.95000000000001,49.95,49.95,49.95
49.95000000000001,49.95,49.95,49.95
49.95000000000001,49.95,49.95,49.95
49.95000000000001,49.95,49.95,49.95
49.95000000000001,49.95,49.95,49.95
49.95000000000001,49.95,49.95,49.95
49.95000000000001,49.95,49.95,49.95
49.95000000000001,49.95,49.95,49.95
49.95000000000001,49.95,49.95,49.95
49.95000000000001,49.95,49.95,49.95
50.16,50.16,50.16,49.95
50.16,50.16,50.16,50.16
50.16,50.11,50.11,50.16
50.16,50.05,50.05,50.11
50.16,50.02,50.02,50.05
50.16,50.02,50.02,50.02
50.16,50.02,50.02,50.02
50.16,49.99,49.99,50.02
50.16,49.97,49.97,49.99
50.160000000000004,49.98,49.98,49.97
50.160000000000004,49.98,49.98,49.98
50.16,49.97,49.97,49.98
50.16,49.96,49.96,49.97
50.16,49.96,49.96,49.96
50.16,49.97,49.97,49.96
50.16,49.97,49.97,49.97
50.16,49.96,49.96,49.97
50.16,49.96,49.96,49.96
49.93999999999999,49.94,49.94,49.96
49.93999999999999,49.94,49.94,49.94
49.93999999999999,49.94,49.94,49.94
49.93999999999999,49.94,49.94,49.94
49.93999999999999,49.94,49.94,49.94
49.93999999999999,49.94,49.94,49.94
49.93999999999999,49.94,49.94,49.94
49.93999999999999,49.94,49.94,49.94
49.93999999999999,49.94,49.94,49.94
49.93999999999999,49.94,49.94,49.94
49.93999999999999,49.94,49.94,49.94
49.93999999999999,49.94,49.94,49.94
49.93999999999999,49.94,49.94,49.94
50.08,50.06,50.06,49.94
50.08,50.08,50.08,50.06
50.08,50.01,50.01,50.08
50.08,49.97,49.97,50.01
50.080000000000005,49.99,49.99,49.97
50.08,50.01,50.01,49.99
50.08,50.0,50.0,50.01
50.080000000000005,49.98,49.98,50.0
49.980000000000004,49.98,49.98,49.98
49.980000000000004,49.98,49.98,49.98
49.980000000000004,49.98,49.98,49.98
49.980000000000004,49.98,49.98,49.98
49.980000000000004,49.98,49.98,49.98
49.980000000000004,49.98,49.98,49.98
49.980000000000004,49.98,49.98,49.98
49.980000000000004,49.98,49.98,49.98
49.980000000000004,49.98,49.98,49.98
49.980000000000004,49.98,49.98,49.98
49.980000000000004,49.98,49.98,49.98
49.980000000000004,49.98,49.98,49.98
49.980000000000004,49.98,49.98,49.98
49.980000000000004,49.98,49.98,49.98
49.980000000000004,49.98,49.98,49.98
49.980000000000004,49.98,49.98,49.98
49.980000000000004,49.98,49.98,49.98
49.980000000000004,49.98,49.98,49.98
49.980000000000004,49.98,49.98,49.98
49.980000000000004,49.98,49.98,49.98
49.980000000000004,49.98,49.98,49.98
49.980000000000004,49.98,49.98,49.98
49.980000000000004,49.98,49.98,49.98
49.980000000000004,49.98,49.98,49.98
49.980000000000004,49.98,49.98,49.98
49.980000000000004,49.98,49.98,49.98
49.980000000000004,49.98,49.98,49.98
49.980000000000004,49.98,49.98,49.98
49.980000000000004,49.98,49.98,49.98
49.980000000000004,49.98,49.98,49.98
49.980000000000004,49.98,49.98,49.98
49.980000000000004,49.98,49.98,49.98
49.980000000000004,49.98,49.98,49.98
49.980000000000004,49.98,49.98,49.98
49.980000000000004,49.98,49.98,49.98
49.980000000000004,49.98,49.98,49.98
50.01,49.98,49.98,49.98
50.01,49.98,49.98,49.98
50.01,49.98,49.98,49.98
50.01,49.98,49.98,49.98
50.01,49.98,49.98,49.98
50.01,49.98,49.98,49.98
50.01,49.98,49.98,49.98
50.01,49.98,49.98,49.98
50.01,49.98,49.98,49.98
50.01,49.98,49.98,49.98
50.01,49.98,49.98,49.98
50.01,49.98,49.98,49.98
50.01,49.98,49.98,49.98
50.01,49.98,49.98,49.98
50.01,49.98,49.98,49.98
50.01,49.98,49.98,49.98
50.01,49.98,49.98,49.98
50.01,49.98,49.98,49.98
50.01,49.98,49.98,49.98
50.01,49.98,49.98,49.98
50.01,49.98,49.98,49.98
50.01,49.98,49.98,49.98
50.01,49.98,49.98,49.98
50.01,49.98,49.98,49.98
50.01,49.98,49.98,49.98
50.01,49.98,49.98,49.98
50.01,49.98,49.98,49.98
50.01,49.98,49.98,49.98
50.01,49.98,49.98,49.98
50.01,49.98,49.98,49.98
50.01,49.98,49.98,49.98
50.01,49.98,49.98,49.98
50.01,49.98,49.98,49.98
50.01,49.98,49.98,49.98
50.01,49.98,49.98,49.98
50.01,49.98,49.98,49.98
50.01,49.98,49.98,49.98
50.01,49.98,49.98,49.98
49.99,49.98,49.98,49.98
49.99,49.98,49.98,49.98
49.99,49.98,49.98,49.98
49.99,49.98,49.98,49.98
49.99,49.98,49.98,49.98
49.99,49.98,49.98,49.98
49.99,49.98,49.98,49.98
49.99,49.98,49.98,49.98
49.99,49.98,49.98,49.98
49.99,49.98,49.98,49.98
49.99,49.98,49.98,49.98
49.980000000000004,49.98,49.98,49.98
49.980000000000004,49.98,49.98,49.98
49.980000000000004,49.98,49.98,49.98
49.980000000000004,49.98,49.98,49.98
49.980000000000004,49.98,49.98,49.98
49.980000000000004,49.98,49.98,49.98
49.980000000000004,49.98,49.98,49.98
49.980000000000004,49.98,49.98,49.98
49.980000000000004,49.98,49.98,49.98
49.980000000000004,49.98,49.98,49.98
49.99,49.98,49.98,49.98
49.980000000000004,49.98,49.98,49.98
49.980000000000004,49.98,49.98,49.98
49.980000000000004,49.98,49.98,49.98
49.980000000000004,49.98,49.98,49.98
49.980000000000004,49.98,49.98,49.98
49.980000000000004,49.98,49.98,49.98
49.980000000000004,49.98,49.98,49.98
49.980000000000004,49.98,49.98,49.98
49.980000000000004,49.98,49.98,49.98
49.980000000000004,49.98,49.98,49.98
49.980000000000004,49.98,49.98,49.98
49.980000000000004,49.98,49.98,49.98
49.980000000000004,49.98,49.98,49.98
49.980000000000004,49.98,49.98,49.98
49.980000000000004,49.98,49.98,49.98
49.980000000000004,49.98,49.98,49.98
49.980000000000004,49.98,49.98,49.98
49.980000000000004,49.98,49.98,49.98
49.980000000000004,49.98,49.98,49.98
49.980000000000004,49.98,49.98,49.98
49.980000000000004,49.98,49.98,49.98
49.980000000000004,49.98,49.98,49.98
49.980000000000004,49.98,49.98,49.98
49.980000000000004,49.98,49.98,49.98
49.980000000000004,49.98,49.98,49.98
49.980000000000004,49.98,49.98,49.98
49.980000000000004,49.98,49.98,49.98
49.980000000000004,49.98,49.98,49.98
49.980000000000004,49.98,49.98,49.98
49.980000000000004,49.98,49.98,49.98
49.980000000000004,49.98,49.98,49.98
49.980000000000004,49.98,49.98,49.98
49.980000000000004,49.98,49.98,49.98
49.980000000000004,49.98,49.98,49.98
49.980000000000004,49.98,49.98,49.98
49.980000000000004,49.98,49.98,49.98
49.980000000000004,49.98,49.98,49.98
49.980000000000004,49.98,49.98,49.98
49.99,49.99,49.99,49.98
49.99,49.99,49.99,49.99
49.99,49.99,49.99,49.99
49.99,49.99,49.99,49.99
49.99,49.99,49.99,49.99
49.99,49.99,49.99,49.99
49.99,49.99,49.99,49.99
49.99,49.99,49.99,49.99
49.99,49.99,49.99,49.99
49.99,49.99,49.99,49.99
49.99,49.99,49.99,49.99
49.99,49.99,49.99,49.99
49.99,49.99,49.99,49.99
49.99,49.99,49.99,49.99
49.99,49.99,49.99,49.99
49.99,49.99,49.99,49.99
49.99,49.99,49.99,49.99
49.99,49.99,49.99,49.99
49.99,49.99,49.99,49.99
49.99,49.99,49.99,49.99
49.99,49.99,49.99,49.99
49.99,49.99,49.99,49.99
49.99,49.99,49.99,49.99
49.99,49.99,49.99,49.99
49.99,49.99,49.99,49.99
49.99,49.99,49.99,49.99
49.99,49.99,49.99,49.99
49.99,49.99,49.99,49.99
49.99,49.99,49.99,49.99
49.99,49.99,49.99,49.99
49.99,49.99,49.99,49.99
49.99,49.99,49.99,49.99
49.99,49.99,49.99,49.99
49.99,49.99,49.99,49.99
49.99,49.99,49.99,49.99
50.0,50.0,50.0,49.99
50.0,50.0,50.0,50.0
50.0,49.99,49.99,50.0
50.0,49.99,49.99,49.99
50.0,49.99,49.99,49.99
50.0,49.99,49.99,49.99
50.0,49.99,49.99,49.99
50.0,49.99,49.99,49.99
50.0,49.99,49.99,49.99
50.0,49.99,49.99,49.99
50.0,49.99,49.99,49.99
50.0,49.99,49.99,49.99
50.0,49.99,49.99,49.99
50.0,49.99,49.99,49.99
50.0,49.99,49.99,49.99
50.0,49.99,49.99,49.99
50.0,49.99,49.99,49.99
50.0,49.99,49.99,49.99
50.0,49.99,49.99,49.99
50.0,49.99,49.99,49.99
50.0,49.99,49.99,49.99
50.0,49.99,49.99,49.99
50.0,49.99,49.99,49.99
50.0,49.99,49.99,49.99
49.99,49.99,49.99,49.99
49.99,49.99,49.99,49.99
49.99,49.99,49.99,49.99
49.99,49.99,49.99,49.99
49.99,49.99,49.99,49.99
49.99,49.99,49.99,49.99
49.99,49.99,49.99,49.99
49.99,49.99,49.99,49.99
49.99,49.99,49.99,49.99
49.99,49.99,49.99,49.99
49.99,49.99,49.99,49.99
49.99,49.99,49.99,49.99
49.99,49.99,49.99,49.99
49.99,49.99,49.99,49.99
49.99,49.99,49.99,49.99
49.99,49.99,49.99,49.99
49.99,49.99,49.99,49.99
49.99,49.99,49.99,49.99
49.99,49.99,49.99,49.99
49.99,49.99,49.99,49.99
49.99,49.99,49.99,49.99
49.99,49.99,49.99,49.99
49.99,49.99,49.99,49.99
49.99,49.99,49.99,49.99
49.99,49.99,49.99,49.99
49.99,49.99,49.99,49.99
49.99,49.99,49.99,49.99
49.99,49.99,49.99,49.99
49.99,49.99,49.99,49.99
49.99,49.99,49.99,49.99
49.99,49.99,49.99,49.99
49.99,49.99,49.99,49.99
49.99,49.99,49.99,49.99
49.99,49.99,49.99,49.99
49.99,49.99,49.99,49.99
49.99,49.99,49.99,49.99
49.99,49.99,49.99,49.99
49.99,49.99,49.99,49.99
49.99,49.99,49.99,49.99
49.99,49.99,49.99,49.99
49.99,49.99,49.99,49.99
49.99,49.99,49.99,49.99
49.99,49.99,49.99,49.99
49.99,49.99,49.99,49.99
49.99,49.99,49.99,49.99
49.99,49.99,49.99,49.99
49.99,49.99,49.99,49.99
49.99,49.99,49.99,49.99
49.99,49.99,49.99,49.99
49.99,49.99,49.99,49.99
49.99,49.99,49.99,49.99
49.99,49.99,49.99,49.99
49.99,49.99,49.99,49.99
49.99,49.99,49.99,49.99
49.99,49.99,49.99,49.99
49.99,49.99,49.99,49.99
49.99,49.99,49.99,49.99
49.99,49.99,49.99,49.99
49.99,49.99,49.99,49.99
49.99,49.99,49.99,49.99
49.99,49.99,49.99,49.99
49.99,49.99,49.99,49.99
49.99,49.99,49.99,49.99
49.99,49.99,49.99,49.99
49.99,49.99,49.99,49.99
49.99,49.99,49.99,49.99
49.99,49.99,49.99,49.99
49.99,49.99,49.99,49.99
49.99,49.99,49.99,49.99
49.99,49.99,49.99,49.99
49.99,49.99,49.99,49.99
49.99,49.99,49.99,49.99
49.99,49.99,49.99,49.99
49.99,49.99,49.99,49.99
49.99,49.99,49.99,49.99
49.99,49.99,49.99,49.99
49.99,49.99,49.99,49.99
49.99,49.99,49.99,49.99
49.99,49.99,49.99,49.99
49.99,49.99,49.99,49.99
49.99,49.99,49.99,49.99
49.99,49.99,49.99,49.99
49.99,49.99,49.99,49.99
49.99,49.99,49.99,49.99
49.99,49.99,49.99,49.99
49.99,49.99,49.99,49.99
49.99,49.99,49.99,49.99
49.99,49.99,49.99,49.99
49.99,49.99,49.99,49.99
49.99,49.99,49.99,49.99
49.99,49.99,49.99,49.99
49.99,49.99,49.99,49.99
49.99,49.99,49.99,49.99
49.99,49.99,49.99,49.99
49.99,49.99,49.99,49.99
49.99,49.99,49.99,49.99
49.99,49.99,49.99,49.99
49.99,49.99,49.99,49.99
49.99,49.99,49.99,49.99
49.99,49.99,49.99,49.99
49.99,49.99,49.99,49.99
49.99,49.99,49.99,49.99
49.99,49.99,49.99,49.99
49.99,49.99,49.99,49.99
49.99,49.99,49.99,49.99
49.99,49.99,49.99,49.99
49.99,49.99,49.99,49.99
49.99,49.99,49.99,49.99
49.99,49.99,49.99,49.99
49.99,49.99,49.99,49.99
49.99,49.99,49.99,49.99
49.99,49.99,49.99,49.99
49.99,49.99,49.99,49.99
49.99,49.99,49.99,49.99
49.99,49.99,49.99,49.99
49.99,49.99,49.99,49.99
49.99,49.99,49.99,49.99
49.99,49.99,49.99,49.99
49.99,49.99,49.99,49.99
49.99,49.99,49.99,49.99
49.99,49.99,49.99,49.99
49.99,49.99,49.99,49.99
49.99,49.99,49.99,49.99
49.99,49.99,49.99,49.99
49.99,49.99,49.99,49.99
49.99,49.99,49.99,49.99
49.99,49.99,49.99,49.99
49.99,49.99,49.99,49.99
49.99,49.99,49.99,49.99
49.99,49.99,49.99,49.99
49.99,49.99,49.99,49.99
49.99,49.99,49.99,49.99
49.99,49.99,49.99,49.99
49.99,49.99,49.99,49.99
49.99,49.99,49.99,49.99
49.99,49.99,49.99,49.99
49.99,49.99,49.99,49.99
49.99,49.99,49.99,49.99
49.99,49.99,49.99,49.99
49.99,49.99,49.99,49.99
49.99,49.99,49.99,49.99
49.99,49.99,49.99,49.99
49.99,49.99,49.99,49.99
50.03,50.03,50.03,49.99
50.03,50.03,50.03,50.03
50.03,50.02,50.02,50.03
50.03000000000001,50.01,50.01,50.02
50.03000000000001,50.01,50.01,50.01
50.03000000000001,50.01,50.01,50.01
50.03,50.0,50.0,50.01
50.03,50.0,50.0,50.0
50.03000000000001,50.01,50.01,50.0
50.03000000000001,50.01,50.01,50.01
50.03,50.0,50.0,50.01
50.03,50.0,50.0,50.0
50.03,50.0,50.0,50.0
50.03,50.0,50.0,50.0
50.03,50.0,50.0,50.0
50.03,50.0,50.0,50.0
50.03,50.0,50.0,50.0
50.03,50.0,50.0,50.0
50.03,50.0,50.0,50.0
50.03,50.0,50.0,50.0
50.03,50.0,50.0,50.0
50.03,50.0,50.0,50.0
50.03,50.0,50.0,50.0
50.03,50.0,50.0,50.0
50.03,50.0,50.0,50.0
50.03,50.0,50.0,50.0
50.03,50.0,50.0,50.0
49.99,49.99,49.99,50.0
49.99,49.99,49.99,49.99
49.99,49.99,49.99,49.99
49.99,49.99,49.99,49.99
49.99,49.99,49.99,49.99
49.99,49.99,49.99,49.99
49.99,49.99,49.99,49.99
49.99,49.99,49.99,49.99
49.99,49.99,49.99,49.99
49.99,49.99,49.99,49.99
49.99,49.99,49.99,49.99
49.99,49.99,49.99,49.99
49.99,49.99,49.99,49.99
49.99,49.99,49.99,49.99
49.99,49.99,49.99,49.99
49.99,49.99,49.99,49.99
49.99,49.99,49.99,49.99
49.99,49.99,49.99,49.99
49.99,49.99,49.99,49.99
49.99,49.99,49.99,49.99
49.99,49.99,49.99,49.99
49.99,49.99,49.99,49.99
49.99,49.99,49.99,49.99
49.99,49.99,49.99,49.99
49.99,49.99,49.99,49.99
49.99,49.99,49.99,49.99
49.99,49.99,49.99,49.99
49.99,49.99,49.99,49.99
49.99,49.99,49.99,49.99
49.99,49.99,49.99,49.99
49.99,49.99,49.99,49.99
49.99,49.99,49.99,49.99
49.99,49.99,49.99,49.99
49.99,49.99,49.99,49.99
49.99,49.99,49.99,49.99
49.99,49.99,49.99,49.99
49.99,49.99,49.99,49.99
49.99,49.99,49.99,49.99
49.99,49.99,49.99,49.99
49.99,49.99,49.99,49.99
49.99,49.99,49.99,49.99
49.99,49.99,49.99,49.99
49.99,49.99,49.99,49.99
49.99,49.99,49.99,49.99
49.99,49.99,49.99,49.99
49.99,49.99,49.99,49.99
49.99,49.99,49.99,49.99
49.99,49.99,49.99,49.99
49.99,49.99,49.99,49.99
49.99,49.99,49.99,49.99
50.11,50.11,50.11,49.99
50.11,50.11,50.11,50.11
50.11000000000001,50.08,50.08,50.11
50.11,50.05,50.05,50.08
50.11,50.03,50.03,50.05
50.11,50.03,50.03,50.03
50.11,50.03,50.03,50.03
50.10999999999999,50.02,50.02,50.03
50.11,50.01,50.01,50.02
50.11,50.0,50.0,50.01
50.11,50.0,50.0,50.0
50.11,50.01,50.01,50.0
50.11,50.01,50.01,50.01
50.11,50.0,50.0,50.01
49.980000000000004,49.98,49.98,50.0
49.980000000000004,49.98,49.98,49.98
49.980000000000004,49.98,49.98,49.98
49.980000000000004,49.98,49.98,49.98
49.980000000000004,49.98,49.98,49.98
49.980000000000004,49.98,49.98,49.98
49.980000000000004,49.98,49.98,49.98
49.980000000000004,49.98,49.98,49.98
49.980000000000004,49.98,49.98,49.98
49.980000000000004,49.98,49.98,49.98
50.07,50.07,50.07,49.98
50.07,50.07,50.07,50.07
50.07,50.02,50.02,50.07
50.07,50.0,50.0,50.02
50.07,50.01,50.01,50.0
50.07,50.01,50.01,50.01
50.07,50.01,50.01,50.01
50.07,50.0,50.0,50.01
50.07,50.0,50.0,50.0
50.07,50.01,50.01,50.0
50.07,50.01,50.01,50.01
50.07,50.0,50.0,50.01
50.07,50.0,50.0,50.0
50.07,50.0,50.0,50.0
50.07,50.0,50.0,50.0
50.07,50.0,50.0,50.0
50.07,50.0,50.0,50.0
50.07,50.0,50.0,50.0
50.0,50.0,50.0,50.0
50.0,50.0,50.0,50.0
50.0,50.0,50.0,50.0
50.0,50.0,50.0,50.0
50.0,50.0,50.0,50.0
50.0,50.0,50.0,50.0
50.0,50.0,50.0,50.0
50.02,50.0,50.0,50.0
50.02,50.0,50.0,50.0
50.02,50.0,50.0,50.0
50.02,50.0,50.0,50.0
50.02,50.0,50.0,50.0
50.02,50.0,50.0,50.0
50.02,50.0,50.0,50.0
50.02,50.0,50.0,50.0
50.02,50.0,50.0,50.0
50.02,50.0,50.0,50.0
50.01,50.0,50.0,50.0
50.01,50.0,50.0,50.0
50.01,50.0,50.0,50.0
50.01,50.0,50.0,50.0
50.01,50.0,50.0,50.0
50.01,50.0,50.0,50.0
50.01,50.0,50.0,50.0
50.01,50.0,50.0,50.0
50.01,50.0,50.0,50.0
50.01,50.0,50.0,50.0
50.01,50.0,50.0,50.0
50.01,50.0,50.0,50.0
50.01,50.0,50.0,50.0
50.01,50.0,50.0,50.0
50.01,50.0,50.0,50.0
50.01,50.0,50.0,50.0
50.01,50.0,50.0,50.0
50.01,50.0,50.0,50.0
50.01,50.0,50.0,50.0
50.01,50.0,50.0,50.0
50.01,50.0,50.0,50.0
50.01,50.0,50.0,50.0
50.01,50.0,50.0,50.0
50.01,50.0,50.0,50.0
50.01,50.0,50.0,50.0
50.01,50.0,50.0,50.0
50.01,50.0,50.0,50.0
50.01,50.0,50.0,50.0
50.01,50.0,50.0,50.0
50.00999999999999,49.99,49.99,50.0
50.00999999999999,49.99,49.99,49.99
50.00999999999999,49.99,49.99,49.99
50.01,50.0,50.0,49.99
50.01,50.0,50.0,50.0
50.01,50.0,50.0,50.0
50.01,50.0,50.0,50.0
50.01,50.0,50.0,50.0
50.01,50.0,50.0,50.0
50.01,50.0,50.0,50.0
50.01,50.0,50.0,50.0
50.01,50.0,50.0,50.0
50.01,50.0,50.0,50.0
50.01,50.0,50.0,50.0
50.01,50.0,50.0,50.0
50.01,50.0,50.0,50.0
50.01,50.0,50.0,50.0
50.01,50.0,50.0,50.0
50.00999999999999,49.99,49.99,50.0
50.00999999999999,49.99,49.99,49.99
50.00999999999999,49.99,49.99,49.99
50.00999999999999,49.99,49.99,49.99
50.00999999999999,49.99,49.99,49.99
50.00999999999999,49.99,49.99,49.99
50.00999999999999,49.99,49.99,49.99
50.00999999999999,49.99,49.99,49.99
50.00999999999999,49.99,49.99,49.99
50.00999999999999,49.99,49.99,49.99
50.00999999999999,49.99,49.99,49.99
50.00999999999999,49.99,49.99,49.99
50.00999999999999,49.99,49.99,49.99
50.00999999999999,49.99,49.99,49.99
50.00999999999999,49.99,49.99,49.99
50.00999999999999,49.99,49.99,49.99
50.0,49.99,49.99,49.99
50.0,49.99,49.99,49.99
50.0,49.99,49.99,49.99
50.0,49.99,49.99,49.99
50.0,50.0,50.0,49.99
50.0,50.0,50.0,50.0
50.0,50.0,50.0,50.0
50.0,50.0,50.0,50.0
50.0,50.0,50.0,50.0
50.0,50.0,50.0,50.0
50.0,50.0,50.0,50.0
50.0,50.0,50.0,50.0
50.0,50.0,50.0,50.0
50.0,50.0,50.0,50.0
50.0,50.0,50.0,50.0
50.0,50.0,50.0,50.0
50.0,50.0,50.0,50.0
50.0,50.0,50.0,50.0
50.0,50.0,50.0,50.0
50.0,50.0,50.0,50.0
50.0,50.0,50.0,50.0
50.0,50.0,50.0,50.0
50.0,50.0,50.0,50.0
50.0,50.0,50.0,50.0
50.0,50.0,50.0,50.0
50.0,50.0,50.0,50.0
50.0,50.0,50.0,50.0
50.0,50.0,50.0,50.0
50.0,50.0,50.0,50.0
50.0,50.0,50.0,50.0
50.0,50.0,50.0,50.0
50.0,50.0,50.0,50.0
50.0,50.0,50.0,50.0
50.0,50.0,50.0,50.0
50.0,50.0,50.0,50.0
50.0,50.0,50.0,50.0
50.0,50.0,50.0,50.0
50.0,50.0,50.0,50.0
50.0,50.0,50.0,50.0
